-- phpMyAdmin SQL Dump
-- version 4.9.0.1
-- https://www.phpmyadmin.net/
--
-- Host: localhost
-- Generation Time: Jan 31, 2020 at 04:48 AM
-- Server version: 10.4.6-MariaDB
-- PHP Version: 7.3.8

SET SQL_MODE = "NO_AUTO_VALUE_ON_ZERO";
SET AUTOCOMMIT = 0;
START TRANSACTION;
SET time_zone = "+00:00";


/*!40101 SET @OLD_CHARACTER_SET_CLIENT=@@CHARACTER_SET_CLIENT */;
/*!40101 SET @OLD_CHARACTER_SET_RESULTS=@@CHARACTER_SET_RESULTS */;
/*!40101 SET @OLD_COLLATION_CONNECTION=@@COLLATION_CONNECTION */;
/*!40101 SET NAMES utf8mb4 */;

--
-- Database: `krywn_mor_v`
--

-- --------------------------------------------------------

--
-- Table structure for table `cost_center`
--

CREATE TABLE `cost_center` (
  `kode_cc` varchar(15) NOT NULL,
  `cc` varchar(30) DEFAULT NULL
) ENGINE=InnoDB DEFAULT CHARSET=latin1;

--
-- Dumping data for table `cost_center`
--

INSERT INTO `cost_center` (`kode_cc`, `cc`) VALUES
('A0801054', 'Region Mgr HSSE V'),
('A0801064', 'Mgr Quality Mgt'),
('A0801092', 'GM MO V'),
('A0804156', 'Rg Mgr Rel&Proj V'),
('A0901036', 'Rg Mgr Rtl Fl Sls V'),
('A0901091', 'SAM Retail Fuel Bali'),
('A0901092', 'SAM Retail Fuel NTT'),
('A0901152', 'SAM Rtl Fuel SBY'),
('A0901153', 'SAM Rtl LPG Surabaya'),
('A0901154', 'SAM Rtl Fuel Malang'),
('A0901155', 'SAM Rtl LPG Malang'),
('A0901156', 'SAM Rtl Fuel Kediri'),
('A0901157', 'SAM Rtl LPG Kediri'),
('A0901158', 'SAM Rtl LPG Bali'),
('A0901159', 'SAM Rtl LPG NTT'),
('A0901160', 'SAM Rtl Fuel  NTB'),
('A0901161', 'SAM Rtl LPG NTB'),
('A0902018', 'SAM Industri V'),
('A0902038', 'Reg Mgr Corp Sls V'),
('A0903144', 'Reg Mgr S&D V'),
('A0903145', 'LPG Op S&D V'),
('A0903301', 'Fuel Op S&D V'),
('A0903303', 'Intgr FT Mgr SBY'),
('A0903305', 'Intgr FT Tg Wangi'),
('A0903306', 'Fuel Term Mgr Malang'),
('A0903307', 'Fuel Term Mgr Madiun'),
('A0903309', 'FT Mgr Camplong'),
('A0903310', 'Fuel Term Mgr Tuban'),
('A0903312', 'Intgr FT Mgr Manggis'),
('A0903313', 'Fuel Term Mgr Tenau'),
('A0903314', 'Fuel Term Mgr Badas'),
('A0903315', 'Fuel Term Mgr Bima'),
('A0903316', 'FT Mgr Sanggaran'),
('A0903317', 'Intgr FT Mgr Ampenan'),
('A0903318', 'FT Mgr Kalabahi'),
('A0903319', 'Fuel Term Mgr Reo'),
('A0903320', 'Fuel Term Mgr Ende'),
('A0903321', 'Terminal BBM Larantu'),
('A0903322', 'FT Mgr Maumere'),
('A0903323', 'FT Mgr Waingapu'),
('A0903324', 'FT Mgr Atapupu'),
('A1003001', 'Rg Mgr Crp Op&Srv V'),
('A1003002', 'OH DPPU Juanda'),
('A1003003', 'OH DPPU Ngurah Rai'),
('A1003004', 'OH DPPU Iswahyudi'),
('A1003005', 'OH DPPU Eltari'),
('A1003006', 'OH DPPU BIL'),
('A1003011', 'Petroch. Op V'),
('A1102010', 'Intgr LPG Term Bnywg'),
('A1104001', 'LPG Retail  Sales V'),
('A1104003', 'Intgr LPG Term Tg. P'),
('A1104005', 'Intgr LPG Term Mggs'),
('A1301004', 'OH Bit Plant Gresik'),
('A1301017', 'SAM Petrochemical V'),
('A1406007', 'Region Mgr Marine V'),
('A1502246', 'Mgr Finance MOR V'),
('A1503041', 'Mgr Phys Geosecurity'),
('A1503046', 'Mgr IT MOR V Sby'),
('A1503105', 'SH Medical MOR V'),
('A1503192', 'UM Asset Opr MOR V'),
('A1503241', 'Unit Mgr HC MOR V'),
('A1503257', 'Mgr Geosec Intelgnce'),
('A1504034', 'Mgr CSR&SMEPP Financ'),
('A1504040', 'UM Com & CSR MOR V'),
('A1505062', 'IA Jatimbalinus Mgr'),
('A1508026', 'Area Mgr LCC Jatimba'),
('A1520029', 'SH Proc MOR V');

-- --------------------------------------------------------

--
-- Table structure for table `data_karyawan`
--

CREATE TABLE `data_karyawan` (
  `nopeg` varchar(10) NOT NULL,
  `nama` varchar(40) DEFAULT NULL,
  `email` varchar(40) DEFAULT NULL,
  `tanggal_lahir` date DEFAULT NULL,
  `tanggal_aktif` date DEFAULT NULL,
  `tmt_dapen` date DEFAULT NULL,
  `prl` varchar(10) DEFAULT NULL,
  `status1` varchar(10) DEFAULT NULL,
  `id_position` varchar(10) DEFAULT NULL
) ENGINE=InnoDB DEFAULT CHARSET=latin1;

--
-- Dumping data for table `data_karyawan`
--

INSERT INTO `data_karyawan` (`nopeg`, `nama`, `email`, `tanggal_lahir`, `tanggal_aktif`, `tmt_dapen`, `prl`, `status1`, `id_position`) VALUES
('10024447', 'Mukmin Alamsyah Putra', 'mk.mukmin.alamsyah@pertamina.com', '1970-12-21', NULL, '1899-12-31', '13', 'aktif', '30164656'),
('10026289', 'Riska Dian Nur Faizah', 'sekr_gm5@pertamina.com', '1995-11-12', NULL, '1899-12-31', '10', 'aktif', '30116913'),
('594949', 'Kornelius Adang', 'kornelius.adang@pertamina.com', '1964-06-27', NULL, '1981-07-01', '13', 'aktif', '30189667'),
('634776', 'Dahlan Djou', 'dahlan_dj@pertamina.com', '1964-01-05', NULL, '1983-04-15', '13', 'aktif', '30189564'),
('644828', 'Imanuel Peni', 'imanuel.peni@pertamina.com', '1964-06-16', NULL, '1983-09-05', '14', 'aktif', '30189750'),
('651575', 'Agus Supriyadi', 'agus.supriyadi@pertamina.com', '1964-08-19', NULL, '1984-02-20', '13', 'aktif', '30189258'),
('651801', 'Mariono', 'mariono@pertamina.com', '1964-11-10', NULL, '1984-03-01', '15', 'aktif', '30117339'),
('663085', 'Mochamad Suherman', 'msuherman@pertamina.com', '1965-08-18', NULL, '1984-09-01', '18', 'aktif', '30189623'),
('663093', 'Subechan', 'subechan@pertamina.com', '1965-02-15', NULL, '1984-09-01', '13', 'aktif', '30189540'),
('663206', 'Aripin', 'aripin@pertamina.com', '1964-09-30', NULL, '1984-09-03', '18', 'aktif', '30189456'),
('676897', 'Ahmad Jani Lauma', 'yani_lauma@pertamina.com', '1964-04-10', NULL, '1985-05-15', '19', 'aktif', '30189469'),
('679756', 'Sumartoyo', 'sumartoyo@pertamina.com', '1964-12-15', NULL, '1985-07-11', '16', 'aktif', '30189499'),
('681301', 'Suwardi', 'suwardi_lahat@pertamina.com', '1965-06-21', NULL, '1985-12-02', '15', 'aktif', '30189349'),
('681707', 'Endy Saeful', 'endy.saiful@pertamina.com', '1965-01-30', NULL, '1986-04-01', '13', 'aktif', '30189491'),
('704516', 'Riana Novera', 'vera@pertamina.com', '1967-11-01', NULL, '1989-10-02', '17', 'aktif', '30117329'),
('710323', 'Marmanat Hutabarat', 'marmanath@pertamina.com', '1968-09-21', NULL, '1990-12-01', '15', 'aktif', '30165514'),
('712892', 'Werry Prayogi', 'Werry.Prayogi@pertamina.com', '1965-09-25', NULL, '1991-07-15', '23', 'aktif', '30096379'),
('713491', 'Christanto Philemon', 'christanto@pertamina.com', '1972-02-20', NULL, '1991-08-16', '15', 'aktif', '30189799'),
('713548', 'Prasetyo Noto Bawono', 'Prasetyo@pertamina.com', '1968-07-30', NULL, '1991-08-16', '15', 'aktif', '30189247'),
('713904', 'Ambar Dwi Sustomo', 'ambardwi@pertamina.com', '1968-06-12', NULL, '1991-08-24', '20', 'aktif', '30189768'),
('715451', 'Boedi Poerwanto', 'boedi.poerwanto@pertamina.com', '1967-12-22', NULL, '1991-10-01', '15', 'aktif', '30189331'),
('715768', 'Bogi Irawan', 'bogi.irawan@pertamina.com', '1969-04-23', NULL, '1991-10-01', '16', 'aktif', '30189254'),
('715913', 'Iwan Setiawan', 'iwan.skh@pertamina.com', '1968-07-04', NULL, '1991-10-01', '14', 'aktif', '30189346'),
('716115', 'Mochammad Amri', 'amri.muh@pertamina.com', '1967-07-16', NULL, '1991-10-01', '16', 'aktif', '30189295'),
('716286', 'Yakti', 'yakti@pertamina.com', '1966-01-15', NULL, '1991-10-01', '15', 'aktif', '30189374'),
('716301', 'Hardjito', 'hardjito@pertamina.com', '1965-09-11', NULL, '1991-10-01', '16', 'aktif', '30189569'),
('716423', 'Danang D.Kuntadi', 'danangd@pertamina.com', '1964-10-02', NULL, '1991-11-01', '15', 'aktif', '30189479'),
('716497', 'Achmad Chambali', 'achambali@pertamina.com', '1966-01-22', NULL, '1991-11-01', '15', 'aktif', '30189393'),
('716594', 'Rinenggo Yusworo', 'rinenggo.yusworo@pertamina.com', '1969-03-22', NULL, '1991-11-01', '16', 'aktif', '30189813'),
('716601', 'Sunardi', 'sunardi.mt@pertamina.com', '1969-03-31', NULL, '1991-11-01', '14', 'aktif', '30189643'),
('722652', NULL, 'Bambangsuprijono@pertamina.com', '1971-02-09', NULL, '1992-02-15', '18', 'aktif', '30189535'),
('722685', 'Jemmy Hs.Atmadja', 'jemmy.atmadja@pertamina.com', '1967-12-12', NULL, '1992-04-01', '14', 'aktif', '30189429'),
('722693', 'Mashudi', 'mashudi_isw@pertamina.com', '1966-10-02', NULL, '1992-04-01', '13', 'aktif', '30189267'),
('722717', 'Chornelius Djadi', 'chornelius.djadi@pertamina.com', '1968-12-01', NULL, '1992-04-01', '13', 'aktif', '30189502'),
('722733', 'Marselus Dagung', 'marselus.dagung@pertamina.com', '1968-03-04', NULL, '1992-04-01', '14', 'aktif', '30189762'),
('723649', 'Rochana Salim', 'rochana@pertamina.com', '1964-07-10', NULL, '1992-04-01', '15', 'aktif', '30189372'),
('723965', 'Ida Bagus Kade Adhiyasa', 'ida_bagus@pertamina.com', '1969-10-22', NULL, '1992-05-01', '14', 'aktif', '30189606'),
('727131', 'I Wayan Suwarna', 'suwarna@pertamina.com', '1969-06-10', NULL, '1992-08-01', '13', 'aktif', '30189309'),
('727148', 'I.G.N.A.Dwi Aryanto', 'agungdwi@pertamina.com', '1968-02-19', NULL, '1992-08-01', '15', 'aktif', '30189338'),
('727189', 'Sunarso', 'sunarso@pertamina.com', '1965-08-02', NULL, '1992-08-01', '17', 'aktif', '30189251'),
('727245', 'I Komang Budhiarta', 'ikomang.budhiarta@pertamina.com', '1970-10-10', NULL, '1992-08-01', '14', 'aktif', '30189339'),
('727294', 'Edy Sunaryo', 'e_sunaryo@pertamina.com', '1968-04-12', NULL, '1992-08-01', '13', 'aktif', '30189260'),
('727326', 'I Ketut Astawa', 'iketut.astawa@pertamina.com', '1968-08-17', NULL, '1992-08-01', '12', 'Non Aktif', '30103527'),
('727431', 'Yudo Tri Permono', 'yudotp@pertamina.com', '1972-01-07', NULL, '1992-11-10', '14', 'aktif', '30189738'),
('727512', 'Setyo Budi Santoso', 'setyobs@pertamina.com', '1965-12-28', NULL, '1992-11-10', '15', 'aktif', '30189487'),
('727601', 'Iriantak Idris', 'iriantak_idris@pertamina.com', '1969-02-12', NULL, '1992-11-10', '13', 'aktif', '30189581'),
('727731', 'Agus Marmana', 'agus.marmana@pertamina.com', '1966-08-29', NULL, '1992-11-10', '14', 'aktif', '30189589'),
('728477', 'La Imbo', 'mk.laimbo@pertamina.com', '1966-08-15', NULL, '1992-10-01', '16', 'aktif', '30189651'),
('729181', 'Soehardini', 'soehardini@pertamina.com', '1969-01-25', NULL, '1992-10-07', '18', 'aktif', '30165513'),
('729343', 'I Made Rawan', 'imade.rawan@pertamina.com', '1965-02-17', NULL, '1992-10-01', '13', 'aktif', '30189298'),
('729351', 'Hariyanto', 'haris2@pertamina.com', '1970-03-02', NULL, '1992-10-01', '15', 'aktif', '30189253'),
('729416', 'Agus Budianto', 'agus.budianto@pertamina.com', '1964-05-01', NULL, '1992-10-01', '13', 'aktif', '30189259'),
('729595', 'Asep Wicaksono Hadi', 'asepwh@pertamina.com', '1966-09-27', NULL, '1992-10-09', '21', 'aktif', '30189366'),
('730566', 'Perwisti Asriningsari', 'perwisti@pertamina.com', '1965-02-28', NULL, '1993-01-15', '17', 'aktif', '30181494'),
('734324', 'I Made Yasa', 'made_yasa@pertamina.com', '1966-11-09', NULL, '1993-03-01', '13', 'aktif', '30189299'),
('734332', 'I.G. Agus Sentanu Putra', 'agussentanu@pertamina.com', '1967-07-09', NULL, '1993-03-01', '18', 'aktif', '30189453'),
('734357', 'I Made Winarsa', 'imade.winarsa@pertamina.com', '1965-06-10', NULL, '1993-03-01', '13', 'aktif', '30189311'),
('734373', 'I Wayan Sumantra', 'iw.sumantra@pertamina.com', '1969-01-05', NULL, '1993-03-01', '13', 'aktif', '30189296'),
('734446', 'I Gusti Ngurah Yamatika', 'yamatika@pertamina.com', '1965-02-24', NULL, '1993-03-01', '16', 'aktif', '30189605'),
('735734', 'James Rizal Marcus', 'james.rm@pertamina.com', '1970-07-15', NULL, '1993-07-01', '14', 'aktif', '30189652'),
('735791', 'I Ketut Mertha', 'mk.iketut.merta@pertamina.com', '1968-01-16', NULL, '1993-07-01', '13', 'aktif', '30189266'),
('736309', 'I Made Ariawan', 'imade.ariawan@pertamina.com', '1967-10-10', NULL, '1993-10-18', '13', 'aktif', '30189297'),
('738545', 'Arnold A  Pandelaki', 'arnoldp@pertamina.com', '1967-05-07', NULL, '1994-01-20', '21', 'aktif', '30189452'),
('739436', 'Edi Mangun', 'edi.mangun@pertamina.com', '1971-01-25', NULL, '1996-11-22', '14', 'aktif', '30151482'),
('741363', 'Akhmad Iqdam Hendrawan', 'hendrawan@pertamina.com', '1975-08-18', NULL, '2001-11-16', '19', 'aktif', '30189232'),
('741444', 'Eko Harjito', 'harjito@pertamina.com', '1976-08-30', NULL, '2001-11-16', '19', 'aktif', '30189233'),
('741874', 'Muhamad Yudi Setiawan', 'oudhi@pertamina.com', '1977-06-05', NULL, '2001-11-16', '19', 'aktif', '30165506'),
('744503', 'Fedy Alberto', 'falberto@pertamina.com', '1978-01-17', NULL, '2003-12-01', '19', 'aktif', '30189392'),
('744516', 'Isnanto Nugroho S.', 'isnanto.nugroho@pertamina.com', '1982-02-07', NULL, '2003-12-01', '19', 'aktif', '30189802'),
('744557', 'Yosep Iswadi', 'yiswadi@pertamina.com', '1978-11-29', NULL, '2003-12-01', '19', 'aktif', '30189250'),
('744663', 'Kriswatiningsih', 'kriswa@pertamina.com', '1977-11-13', NULL, '2003-12-01', '16', 'aktif', '30189789'),
('744674', 'Mahendra Wijaya', 'mahendra.wijaya@pertamina.com', '1978-07-29', NULL, '2005-12-01', '19', 'aktif', '30181493'),
('744715', 'Sigit Prasetyo', 'sigit-p@pertamina.com', '1981-03-07', NULL, '2006-04-01', '19', 'aktif', '30189791'),
('744717', 'Siti Arum Alia', 'arumbsatrio@pertamina.com', '1978-04-07', NULL, '2004-01-01', '16', 'aktif', '30187383'),
('744721', 'Taufiq Hidayat', 'Taufiq@pertamina.com', '1980-11-22', NULL, '2003-12-01', '19', 'aktif', '30164982'),
('744739', 'Yunita Ekawati', 'yunitae@pertamina.com', '1980-06-07', NULL, '2003-12-01', '18', 'aktif', '30180773'),
('744873', 'Cicilia Martanti', 'cicilia@pertamina.com', '1983-03-22', NULL, '2009-04-01', '13', 'aktif', '30151485'),
('744890', 'Hery Hidayat', 'hery_h@pertamina.com', '1986-06-28', NULL, '2005-10-01', '13', 'aktif', '30189343'),
('744913', 'Yusman Fitrianto', 'yusman_fitrian@pertamina.com', '1985-08-15', NULL, '2005-10-01', '13', 'aktif', '30189481'),
('744962', 'R. Budi Sulistyanto', 'rbudis@pertamina.com', '1985-12-14', NULL, '2009-04-01', '13', 'aktif', '30189660'),
('744977', 'Ni Luh Putu Indah Wiliyan', 'indah_wiliyanti@pertamina.com', '1983-04-10', NULL, '2005-10-01', '12', 'aktif', '30189431'),
('744978', 'Anak Agung Ani Kurniawati', 'ani_kurniawati@pertamina.com', '1985-02-02', NULL, '2005-10-01', '13', 'aktif', '30189723'),
('744980', 'I Ketut Purna Wijaya', 'purna@pertamina.com', '1984-04-16', NULL, '2005-10-01', '13', 'aktif', '30189661'),
('744982', 'Sarpeher Marthen Ratu', 'ar_ratu@pertamina.com', '1985-03-21', NULL, '2005-10-01', '12', 'aktif', '30189347'),
('744983', 'Ridwan Yehezkial Welly', 'rywelly@pertamina.com', '1973-04-19', NULL, '2005-10-01', '11', 'aktif', '30189665'),
('744986', 'Zainal Arifien', 'zaenal_ar@pertamina.com', '1976-03-12', NULL, '2005-10-01', '13', 'aktif', '30189475'),
('744987', 'Akhmad Mahmud', 'akhmadmahmud@pertamina.com', '1983-08-21', NULL, '2005-10-01', '10', 'aktif', '30189603'),
('744988', 'Alfin Fahmi', 'alfin_f@pertamina.com', '1975-02-22', NULL, '2005-10-01', '13', 'aktif', '30189480'),
('744989', 'Ary Ardianto', 'ar_deant@pertamina.com', '1976-12-29', NULL, '2005-10-01', '12', 'aktif', '30189555'),
('744990', 'Wiyono', 'wi_yono@pertamina.com', '1976-06-14', NULL, '2005-10-01', '14', 'aktif', '30189744'),
('744991', 'Yuliandi Kasfanto', 'yuliandi@pertamina.com', '1975-07-29', NULL, '2005-10-01', '13', 'aktif', '30189596'),
('744992', 'Chairul Dhany', 'ch.dhany@pertamina.com', '1983-06-21', NULL, '2005-10-01', '14', 'aktif', '30189835'),
('744994', 'Novel Yushar Yahya', 'novelyy@pertamina.com', '1981-06-29', NULL, '2005-10-01', '13', 'aktif', '30189684'),
('744996', 'Indra Gunawan', 'indra_g@pertamina.com', '1976-08-21', NULL, '2005-10-01', '13', 'aktif', '30189350'),
('744997', 'Indra Sanjaya', 'indra_san@pertamina.com', '1976-10-19', NULL, '2005-10-01', '12', 'aktif', '30189506'),
('744999', 'Arian Dwi Wrastanto', 'ariandwi@pertamina.com', '1979-09-14', NULL, '2005-10-01', '13', 'aktif', '30189483'),
('745000', 'Nukhman Hakiki', 'nukhman@pertamina.com', '1981-04-29', NULL, '2005-10-01', '12', 'aktif', '30189588'),
('745001', 'Arman Prastiono', 'armanp@pertamina.com', '1973-11-09', NULL, '2005-10-01', '14', 'aktif', '30189699'),
('745002', 'Setya Bagus Wicaksono', 'setyabagusw@pertamina.com', '1983-09-09', NULL, '2005-10-01', '13', 'aktif', '30189490'),
('745004', 'Teuku Kiki Jovan Pahlevi', 'kikijovan@pertamina.com', '1983-06-22', NULL, '2005-10-01', '14', 'aktif', '30189570'),
('745005', 'Tekad Prayogo', 'tekat_p@pertamina.com', '1975-06-28', NULL, '2005-10-01', '12', 'aktif', '30189663'),
('745010', 'Brama Putra Hadi Iriawant', 'b.putra@pertamina.com', '1984-02-01', NULL, '2005-10-01', '13', 'aktif', '30189816'),
('745044', 'Ismin Nuryadin', 'ismin@pertamina.com', '1986-06-27', NULL, '2005-10-01', '15', 'aktif', '30189467'),
('745052', 'Muhammad Yanuar Azhar', 'myanuara@pertamina.com', '1983-01-27', NULL, '2009-04-01', '14', 'aktif', '30189732'),
('745055', 'Ahmad Zaeni', 'zaeni@pertamina.com', '1983-02-19', NULL, '2005-10-01', '15', 'aktif', '30189673'),
('745057', 'Dicky Trianto Nugraha', 'dicky_tn@pertamina.com', '1983-12-12', NULL, '2005-10-01', '11', 'aktif', '30189846'),
('745058', 'Suyoko', 'suyoko@pertamina.com', '1981-04-30', NULL, '2005-10-01', '16', 'aktif', '30189784'),
('745099', 'Dian Anisah', 'dianisah@pertamina.com', '1982-06-03', NULL, '2005-10-01', '13', 'aktif', '30165508'),
('745119', 'Ika Sri Wahyuni', 'ika@pertamina.com', '1982-06-03', NULL, '2009-06-01', '14', 'aktif', '30165518'),
('745537', 'Richie Febrianto', 'richie@pertamina.com', '1985-02-10', NULL, '2009-04-01', '14', 'aktif', '30189236'),
('745551', 'Andhiek Setyawan', 'andhiek.setyawan@pertamina.com', '1982-11-05', NULL, '2007-10-10', '14', 'aktif', '30189370'),
('745557', 'Arry Mulyantini', 'arry.mulyantini@pertamina.com', '1982-06-29', NULL, '2007-10-10', '14', 'aktif', '30189255'),
('745633', 'Adhi Sadewo Broto', 'adhisb@pertamina.com', '1982-07-15', NULL, '2009-04-01', '14', 'aktif', '30189756'),
('745662', 'Wardiyono', 'wardiyono@pertamina.com', '1984-02-17', NULL, '2009-04-01', '14', 'aktif', '30189457'),
('745663', 'Aliana Yunita Sari', 'aliana@pertamina.com', '1982-06-01', NULL, '2009-04-01', '14', 'aktif', '30189246'),
('745664', 'Alif Eko Prasetyo', 'alif_ep@pertamina.com', '1983-02-01', NULL, '2009-04-01', '14', 'aktif', '30189405'),
('745666', 'Andinia Virgianti', 'andinia@pertamina.com', '1983-08-25', NULL, '2009-04-01', '13', 'aktif', '30165511'),
('745668', 'Anugerah Putri Nawangsari', 'aputrin@pertamina.com', '1984-03-12', NULL, '2009-04-01', '14', 'aktif', '30189527'),
('745670', 'Artha Handini', 'artha@pertamina.com', '1983-12-26', NULL, '2009-04-01', '13', 'aktif', '30165515'),
('745672', 'Cholishon Liwajhillah', 'lison@pertamina.com', '1982-09-16', NULL, '2009-04-01', '15', 'aktif', '30189511'),
('745673', 'Dahniar Agusliani', 'dahniar@pertamina.com', '1982-08-15', NULL, '2009-04-01', '14', 'aktif', '30165512'),
('745676', 'Erri Luki Andriani', 'erriluki@pertamina.com', '1982-07-12', NULL, '2009-04-01', '15', 'aktif', '30189460'),
('745678', 'Erwin Krisna Murti', 'erwinkrisnamurti@pertamina.com', '1983-07-13', NULL, '2009-04-01', '15', 'aktif', '30189427'),
('745680', 'Ferry Noegroho', 'ferryn@pertamina.com', '1984-01-26', NULL, '2009-04-01', '13', 'aktif', '30189478'),
('745684', 'Ika Kusuma Dewi', 'ika.kusumadewi@pertamina.com', '1984-03-27', NULL, '2009-04-01', '14', 'aktif', '30189388'),
('745690', 'Mohammad Jazmi', 'jazmi@pertamina.com', '1974-07-31', NULL, '2009-04-01', '13', 'aktif', '30189445'),
('745692', 'Pupun Setiawan', 'pupun_sn@pertamina.com', '1983-08-29', NULL, '2009-04-01', '14', 'aktif', '30189368'),
('745693', 'Riechko Adietyatama Mahen', 'riechkoam@pertamina.com', '1983-03-10', NULL, '2009-04-01', '13', 'aktif', '30189482'),
('745694', 'Ruly Arta', 'rulyarta@pertamina.com', '1984-04-07', NULL, '2009-04-01', '13', 'aktif', '30189713'),
('745697', 'Yudo Setyono', 'yudosetyo@pertamina.com', '1981-07-01', NULL, '2009-04-01', '14', 'aktif', '30189556'),
('745706', 'Dedi Subandi', 'dedisubandi@pertamina.com', '1984-12-30', NULL, '2007-10-10', '14', 'aktif', '30189705'),
('745714', 'Imran Jamil', 'imran@pertamina.com', '1982-08-01', NULL, '2007-10-10', '15', 'aktif', '30189712'),
('745740', 'Newy Palepong', 'newy@pertamina.com', '1984-01-01', NULL, '2009-04-01', '13', 'aktif', '30181496'),
('745755', 'Bunyamin Hasibuan', 'bunyamin_hsb@pertamina.com', '1986-09-14', NULL, '2009-04-01', '12', 'aktif', '30189719'),
('745894', 'Abdul Azis', 'abdul.azis4@pertamina.com', '1975-10-10', NULL, '2009-04-01', '11', 'aktif', '30189659'),
('745896', 'Affandi Fadhilah', 'afandhi@pertamina.com', '1986-11-05', NULL, '2009-04-01', '11', 'aktif', '30189386'),
('745897', 'Agar Prayugo', 'agar.prayugo@pertamina.com', '1987-06-20', NULL, '2009-04-01', '11', 'aktif', '30189639'),
('745898', 'Ahadi Fajrah', 'ahadi@pertamina.com', '1988-04-03', NULL, '2009-04-01', '12', 'aktif', '30189671'),
('745899', 'Andi Susi Wardana', 'andi_sw@pertamina.com', '1983-04-21', NULL, '2009-04-01', '13', 'aktif', '30189804'),
('745900', 'Anugerah Triyosaputro', 'anugerah.ts@pertamina.com', '1974-11-26', NULL, '2009-04-01', '12', 'aktif', '30189681'),
('745902', 'Aries Perdana Putra', 'ariespp@pertamina.com', '1987-04-09', NULL, '2009-04-01', '12', 'aktif', '30189507'),
('745904', 'Aulia Afandi', 'aulia_afandi@pertamina.com', '1983-06-21', NULL, '2009-04-01', '11', 'aktif', '30189698'),
('745905', 'Azis Budiyono', 'azis.b@pertamina.com', '1987-01-05', NULL, '2009-04-01', '12', 'aktif', '30189500'),
('745907', 'Boyke Thobias Allo', 'b_allo@pertamina.com', '1975-02-22', NULL, '2009-04-01', '12', 'aktif', '30189617'),
('745908', 'Danang Bayu Arsono', 'danang_bayu_a@pertamina.com', '1981-12-07', NULL, '2009-04-01', '11', 'aktif', '30189724'),
('745909', 'Danny Tri Wahyudi', 'danny@pertamina.com', '1977-05-15', NULL, '2009-04-01', '11', 'aktif', '30189531'),
('745910', 'Dedy Rizaldy', 'dedyrizaldy@pertamina.com', '1986-03-04', NULL, '2009-04-01', '12', 'aktif', '30189641'),
('745911', 'Deni Perkasa Kurniawan', 'deni_p@pertamina.com', '1978-12-22', NULL, '2009-04-01', '11', 'aktif', '30189356'),
('745912', 'Devy Irawan', 'devy.ir@pertamina.com', '1985-03-21', NULL, '2009-04-01', '12', 'aktif', '30189484'),
('745913', 'Dian Hermansyah', 'dian.hermansyah@pertamina.com', '1979-12-19', NULL, '2009-04-01', '13', 'aktif', '30189619'),
('745916', 'Edwin Nofiansyah', 'edwin_n@pertamina.com', '1976-07-19', NULL, '2009-04-01', '13', 'aktif', '30189586'),
('745917', 'Ekwan Nursanto', 'ekwan@pertamina.com', '1984-07-15', NULL, '2009-04-01', '13', 'aktif', '30189627'),
('745918', 'Fajar Pramestantika', 'fajar_pramestantika@pertamina.com', '1975-04-12', NULL, '2009-04-01', '12', 'aktif', '30189662'),
('745919', 'Firman Ash Shiddieqy', 'firman.as@pertamina.com', '1976-11-13', NULL, '2009-04-01', '11', 'aktif', '30189559'),
('745920', 'Ganda Widi Prasetiyo', 'ganda.prasetiyo@pertamina.com', '1985-11-21', NULL, '2009-04-01', '11', 'aktif', '30189354'),
('745921', 'Georgius Benny Hartoyo', 'gbenny@pertamina.com', '1985-04-22', NULL, '2009-04-01', '13', 'aktif', '30189537'),
('745922', 'Harjanto', 'harjanto@pertamina.com', '1983-01-10', NULL, '2009-04-01', '13', 'aktif', '30189438'),
('745924', 'Hermansyah', 'hermansyah99@pertamina.com', '1980-05-05', NULL, '2009-04-01', '12', 'aktif', '30189497'),
('745925', 'I Ketut Doni Setiawan', 'ikdonis@pertamina.com', '1978-05-18', NULL, '2009-04-01', '12', 'aktif', '30189739'),
('745926', 'I Ngurah Wayan Panca Suja', 'wayan.sujana@pertamina.com', '1975-06-02', NULL, '2009-04-01', '11', 'aktif', '30189848'),
('745927', 'Jusry Harisma Adoe', 'jusry_h@pertamina.com', '1978-02-27', NULL, '2009-04-01', '11', 'aktif', '30189844'),
('745929', 'Mochamad Risal Al Amin', 'm_risal@pertamina.com', '1985-03-27', NULL, '2009-04-01', '12', 'aktif', '30189644'),
('745930', 'Miftahul Arif', 'mifarif@pertamina.com', '1974-12-31', NULL, '2009-04-01', '12', 'aktif', '30189572'),
('745932', 'Muhammad Nanuh Fiqrulloh', 'nanuh@pertamina.com', '1985-06-09', NULL, '2009-04-01', '11', 'aktif', '30189638'),
('745933', 'Novi Aris Wandana', 'mk.novi@pertamina.com', '1986-11-19', NULL, '2009-04-01', '11', 'aktif', '30189668'),
('745934', 'Nur Arianto', 'nur_arianto@pertamina.com', '1987-10-26', NULL, '2009-04-01', '11', 'aktif', '30189418'),
('745935', 'Nur Ismail', 'nismail@pertamina.com', '1981-10-08', NULL, '2009-04-01', '14', 'aktif', '30189636'),
('745936', 'Oscar Adhi Wicaksono', 'oscar_aw@pertamina.com', '1983-06-02', NULL, '2009-04-01', '13', 'aktif', '30189664'),
('745938', 'Raditya Permana', 'raditya.permana@pertamina.com', '1985-06-25', NULL, '2009-04-01', '11', 'aktif', '30189353'),
('745940', 'Rakhmat Hadi Santoso', 'rakhmat_hadi@pertamina.com', '1984-10-02', NULL, '2009-04-01', '13', 'aktif', '30189465'),
('745941', 'Riki Saputra', 'r.saputra@pertamina.com', '1980-04-21', NULL, '2009-04-01', '11', 'aktif', '30189520'),
('745943', 'Rudy Widiyanto', 'rudy.w@pertamina.com', '1975-07-15', NULL, '2009-04-01', '13', 'aktif', '30189632'),
('745945', 'Suwandi', 'swandi@pertamina.com', '1986-10-02', NULL, '2009-04-01', '12', 'aktif', '30189751'),
('745946', 'Tri Hartoyo', 'tri.hartono@pertamina.com', '1978-03-23', NULL, '2009-04-01', '12', 'aktif', '30189608'),
('745947', 'Veri Bayu Harianto', 'veribayu@pertamina.com', '1974-06-21', NULL, '2009-04-01', '12', 'aktif', '30189542'),
('745949', 'Whisnu Adi Prana', 'adiprana@pertamina.com', '1975-03-13', NULL, '2009-04-01', '13', 'aktif', '30189501'),
('745950', 'Wicaksono Catur Putra', 'w.catur@pertamina.com', '1974-02-28', NULL, '2009-04-01', '12', 'aktif', '30189727'),
('745951', 'Widarwoto', 'widarwoto@pertamina.com', '1975-04-12', NULL, '2009-04-01', '12', 'aktif', '30189745'),
('745953', 'Yanuar Cahyo Avianto', 'yanuar_ca@pertamina.com', '1976-01-30', NULL, '2009-04-01', '11', 'aktif', '30189597'),
('745954', 'Yerrie Feizal', 'yerrie@pertamina.com', '1975-01-13', NULL, '2009-04-01', '12', 'aktif', '30189509'),
('745955', 'Yogo Suwoko', 'yogo.suwoko@pertamina.com', '1982-06-01', NULL, '2009-04-01', '11', 'aktif', '30189529'),
('745957', 'Zhulham Azward Bijahimo', 'zhulham@pertamina.com', '1985-01-04', NULL, '2009-04-01', '11', 'aktif', '30189687'),
('746026', 'M. Akbar Rinaldy', 'm.akbar@pertamina.com', '1984-05-28', NULL, '2009-06-01', '13', 'aktif', '30189332'),
('746593', 'Abraham AZ Sapulete', 'abraham.sapulete@pertamina.com', '1980-09-27', NULL, '2008-01-16', '18', 'aktif', '30189294'),
('746622', 'Deny Sukendar', 'deny.sukendar@pertamina.com', '1982-09-02', NULL, '2008-01-16', '18', 'aktif', '30189426'),
('746623', 'Diah Ayu Nofitasari', 'diahayu_nofitasari@pertamina.com', '1982-11-23', NULL, '2008-01-16', '18', 'aktif', '30189367'),
('746636', 'Gustiar Widodo', 'gustiar.widodo@pertamina.com', '1979-08-01', NULL, '2008-01-16', '17', 'aktif', '30189404'),
('746666', 'Reddy Anugrahadi', 'anugrahadi@pertamina.com', '1982-03-12', NULL, '2008-01-16', '17', 'aktif', '30189778'),
('746668', 'Riki Madyanto', 'riki.madyanto@pertamina.com', '1979-02-07', NULL, '2008-01-16', '17', 'aktif', '30189256'),
('746673', 'Ruri Hudi Astuti Dewi Sub', 'rurisubroto@pertamina.com', '1981-10-05', NULL, '2008-01-16', '17', 'aktif', '30189245'),
('746678', 'Taruli Sondang Hasurungan', 'taruli.sagala@pertamina.com', '1983-04-09', NULL, '2008-04-01', '17', 'aktif', '30189459'),
('746680', 'Timotius Dwi Kristanto', 't.d.kristanto@pertamina.com', '1981-11-13', NULL, '2008-01-16', '16', 'aktif', '30189444'),
('746691', 'Elma Awinda Wulansari Tua', 'elma.tualeka@pertamina.com', '1979-09-25', NULL, '2008-01-16', '15', 'aktif', '30189810'),
('746723', 'Ghalihaji Wahada Hadipran', 'ghalihaji.wahada@pertamina.com', '1979-11-07', NULL, '2008-01-16', '16', 'aktif', '30151481'),
('746788', 'Asep Bhakti Mihardja', 'asep.b.mihardja@pertamina.com', '1980-03-16', NULL, '2008-01-16', '17', 'aktif', '30164983'),
('746868', 'Fajar Purnadi', 'fpurnadi@pertamina.com', '1983-05-17', NULL, '2009-04-01', '17', 'aktif', '30155952'),
('746885', 'Rustam Aji', 'rustam.aji@pertamina.com', '1980-10-26', NULL, '2008-01-16', '18', 'aktif', '30151480'),
('747164', 'Muhammad Dody Iswanto', 'dody.iswanto@pertamina.com', '1987-10-21', NULL, '2009-06-15', '14', 'aktif', '30189554'),
('747165', 'Muhamad Andika Gunawan', 'andikappdsangg@pertamina.com', '1988-01-06', NULL, '2009-06-15', '15', 'aktif', '30189722'),
('747166', 'Jhodi Irawan', 'jhodi@pertamina.com', '1987-11-12', NULL, '2009-06-15', '14', 'aktif', '30189472'),
('747172', 'Adi Rachman', 'adirahman@pertamina.com', '1988-06-07', NULL, '2009-06-15', '15', 'aktif', '30189683'),
('747366', 'Achmad Ridwan', 'achmad.ridwan@pertamina.com', '1985-01-29', NULL, '2009-08-19', '13', 'aktif', '30189822'),
('747453', 'Ratna Kartika Dewi', 'ratna.dewi@pertamina.com', '1987-03-02', NULL, '2009-10-24', '15', 'aktif', '30155953'),
('747458', 'Shafiyya Rosyida', 'Shafiyya.Rosyida@pertamina.com', '1982-11-29', NULL, '2009-10-24', '16', 'aktif', '30180774'),
('747598', 'Arlina Dyah Prawesti', 'arlina@pertamina.com', '1983-04-29', NULL, '2009-11-13', '15', 'aktif', '30189377'),
('747608', 'Valino', 'valino@pertamina.com', '1983-09-14', NULL, '2009-11-13', '17', 'aktif', '30189415'),
('747609', 'Anggora Dini', 'anggoradini@pertamina.com', '1982-01-26', NULL, '2009-11-13', '17', 'aktif', '30189376'),
('747618', 'Fitri Susanti Ningsih', 'fitri_sn@pertamina.com', '1986-06-10', NULL, '2009-11-13', '13', 'aktif', '30189375'),
('747828', 'Syaiful Anwar Soenaria', 'syaiful.anwar@pertamina.com', '1977-04-30', NULL, '2010-01-08', '18', 'aktif', '30189242'),
('747914', 'Muhamad Reza Phalevi', 'muhamad.phalevi@pertamina.com', '1982-01-11', NULL, '2010-02-01', '17', 'aktif', '30189806'),
('748182', 'Vina Rizkia Ramadhan', 'vina.rr@pertamina.com', '1985-05-23', NULL, '2010-06-01', '12', 'aktif', '30189462'),
('748183', 'Tutis Shofa Rahmawati', 'tutis.sr@pertamina.com', '1986-06-02', NULL, '2010-06-01', '13', 'aktif', '30189378'),
('748186', 'Ludfi Ridho Fanani', 'ludfi.fanani@pertamina.com', '1985-05-31', NULL, '2010-06-01', '13', 'aktif', '30189538'),
('748187', 'Hirohim', 'hirohim@pertamina.com', '1985-05-24', NULL, '2010-06-01', '13', 'aktif', '30189551'),
('748189', 'Endhar Mahaputra', 'endhar.mahaputra@pertamina.com', '1985-12-18', NULL, '2010-06-01', '13', 'aktif', '30189235'),
('748190', 'Ari Jatmiko', 'ari.jatmiko@pertamina.com', '1986-08-05', NULL, '2010-06-01', '13', 'aktif', '30189786'),
('748192', 'Andri Kustanto', 'andri.k@pertamina.com', '1986-05-04', NULL, '2010-06-01', '12', 'aktif', '30189730'),
('748193', 'Wendra Lantip Pambudi', 'wendra.lp@pertamina.com', '1985-06-09', NULL, '2010-06-01', '13', 'aktif', '30189489'),
('748195', 'Cucuk Basuki', 'cbasuki@pertamina.com', '1986-11-16', NULL, '2010-06-01', '13', 'aktif', '30189613'),
('748196', 'Agus Yuliono', 'agus.yuliono@pertamina.com', '1987-07-30', NULL, '2010-06-01', '12', 'aktif', '30189621'),
('748578', 'Aris Sinta', 'aris.sinta@pertamina.com', '1983-03-30', NULL, '2010-08-01', '15', 'aktif', '30189801'),
('748588', 'Dwi Wahyu Hidayat', 'dwi.hidayat@pertamina.com', '1986-09-30', NULL, '2010-08-01', '16', 'aktif', '30189624'),
('748593', 'Ferdi Raditya Effendy', 'ferdi.effendy@pertamina.com', '1985-04-18', NULL, '2010-08-01', '16', 'aktif', '30189803'),
('748603', 'Mahfud Nadyo Hantoro', 'mahfud.hiriawan@pertamina.com', '1986-07-24', NULL, '2010-08-01', '16', 'aktif', '30189437'),
('748683', 'Aji Haryotomo', 'aji.haryotomo@pertamina.com', '1986-05-08', NULL, '2010-08-01', '16', 'aktif', '30181498'),
('748761', 'Ray Syaputra Muda Daulay', 'ray.daulay@pertamina.com', '1981-09-04', NULL, '2010-08-01', '18', 'aktif', '30152810'),
('748984', 'Hanifa Akrom', 'hanifa.akrom@pertamina.com', '1986-06-08', NULL, '2011-07-01', '15', 'aktif', '30189454'),
('748995', 'Ancala Egah', 'ancala.egah@pertamina.com', '1987-06-16', NULL, '2011-07-01', '15', 'aktif', '30189410'),
('749026', 'Surya Suganda', 'surya.suganda@pertamina.com', '1986-12-11', NULL, '2011-07-01', '15', 'aktif', '30189413'),
('749090', 'Arie Handika Fajri Hardi', 'arie.putra@pertamina.com', '1987-07-12', NULL, '2011-07-01', '12', 'aktif', '30117336'),
('749179', 'Erham Alseto', 'erham.alseto@pertamina.com', '1989-05-22', NULL, '2011-12-01', '12', 'aktif', '30189593'),
('749185', 'Agung Nurhananto Putro', 'agung.putro@pertamina.com', '1988-11-20', NULL, '2011-12-01', '15', 'aktif', '30189420'),
('749190', 'Anditya Anwar', 'anditya.anwar@pertamina.com', '1987-01-03', NULL, '2011-12-01', '15', 'aktif', '30189398'),
('749192', 'Angi Almoviano Putri', 'angi.putri@pertamina.com', '1987-12-11', NULL, '2011-12-01', '14', 'aktif', '30189780'),
('749198', 'Cecylia Rosmala Sari', 'cecylia.sari@pertamina.com', '1987-05-18', NULL, '2011-12-01', '15', 'aktif', '30182956'),
('749202', 'Dimas Bagus Satriyo Wibow', 'dimas.bagus@pertamina.com', '1984-01-27', NULL, '2011-12-01', '14', 'aktif', '30189287'),
('749213', 'Hardika Adiyagsa', 'hardika.adiyagsa@pertamina.com', '1986-08-21', NULL, '2011-12-06', '15', 'aktif', '30189240'),
('749236', 'Riezqi Fajar', 'riezqi.fajar@pertamina.com', '1986-11-11', NULL, '2011-12-01', '14', 'aktif', '30189647'),
('749248', 'Ziko Wahyudi', 'ziko.wahyudi@pertamina.com', '1983-09-28', NULL, '2011-12-01', '15', 'aktif', '30189397'),
('749271', 'Eggi Diswanto', 'eggi.diswanto@pertamina.com', '1987-01-17', NULL, '2011-12-01', '15', 'aktif', '30189521'),
('749282', 'Dhanardhono Pinandito', 'dhanardhono.p@pertamina.com', '1987-01-18', NULL, '2011-12-01', '15', 'aktif', '30117330'),
('749332', 'Corry Natasha Patrioty', 'corry.patrioty@pertamina.com', '1987-12-17', NULL, '2011-12-01', '15', 'aktif', '30164984'),
('749399', 'Riza Pahlevi S', 'riza.siregar@pertamina.com', '1989-08-19', NULL, '2012-01-01', '12', 'aktif', '30189510'),
('749402', 'Dani Tri Wahyudi', 'dani.wahyudi@pertamina.com', '1989-01-03', NULL, '2012-01-01', '13', 'aktif', '30189630'),
('749404', 'Febri Nur Rachman', 'bpa.febri.nur@pertamina.com', '1990-02-23', NULL, '2012-01-01', '12', 'aktif', '30189505'),
('749411', 'Agung Nugroho', 'agung.nugroho2@pertamina.com', '1986-08-05', NULL, '2012-01-01', '13', 'aktif', '30189602'),
('749413', 'Subekan Eko Nugroho', 'subekan.nugroho@pertamina.com', '1989-08-26', NULL, '2012-01-01', '13', 'aktif', '30189690'),
('749416', 'Wahyu Prayogo', 'wahyu.prayogo@pertamina.com', '1989-05-26', NULL, '2012-01-01', '13', 'aktif', '30189552'),
('749417', 'Dedi Sulistyo Widodo', 'dedi.widodo@pertamina.com', '1986-10-06', NULL, '2012-01-01', '13', 'aktif', '30189629'),
('749419', 'Rizkhiven Sabantyan Arifi', 'rizkhiven@pertamina.com', '1989-03-15', NULL, '2012-01-01', '12', 'aktif', '30189720'),
('749422', 'Very Aryanto', 'very.aryanto@pertamina.com', '1989-05-12', NULL, '2012-01-01', '13', 'aktif', '30189512'),
('749423', 'Wahyu Nurcahyo Sulistyani', 'wahyu.sulistyani@pertamina.com', '1988-11-06', NULL, '2012-01-01', '12', 'aktif', '30189733'),
('749426', 'Nurul Ramadhan', 'nurul.ramadhan@pertamina.com', '1986-06-01', NULL, '2012-01-01', '13', 'aktif', '30189477'),
('749427', 'Guritno Bayu Nugroho', 'guritno.nugroho@pertamina.com', '1985-12-09', NULL, '2012-01-01', '12', 'aktif', '30189541'),
('749428', 'Badillah Nahari', 'badillah.nahari@pertamina.com', '1988-02-28', NULL, '2012-01-01', '13', 'aktif', '30189461'),
('749429', 'Aditya Wira Bhakti', 'aditya.bhakti@pertamina.com', '1988-06-10', NULL, '2012-01-01', '12', 'aktif', '30189637'),
('749436', 'Abdul Malik', 'abdul.malik@pertamina.com', '1986-06-25', NULL, '2012-01-01', '13', 'aktif', '30189384'),
('749563', 'Arie Lesmana', 'arie.lesmana@pertamina.com', '1985-09-14', NULL, '2012-08-01', '14', 'aktif', '30117335'),
('749636', 'Bayu Widhi Respati', 'bayu.respati@pertamina.com', '1984-11-22', NULL, '2012-08-01', '13', 'aktif', '30165510'),
('749706', 'Angga Kusuma', 'angga.kusuma@pertamina.com', '1986-06-21', NULL, '2012-08-01', '14', 'aktif', '30189411'),
('749710', 'Arindra Dita Primaloka', 'arindra.primaloka@pertamina.com', '1988-11-08', NULL, '2012-08-01', '15', 'aktif', '30189234'),
('749719', 'Difa Fajruddin Said', 'difa.said@pertamina.com', '1988-11-11', NULL, '2012-08-01', '15', 'aktif', '30189237'),
('749721', 'Fhirendy Bhetafy', 'fhirendy.bhetafy@pertamina.com', '1986-11-26', NULL, '2012-08-01', '15', 'aktif', '30189455'),
('749725', 'Hadi Tama Waskito', 'hadi.waskito@pertamina.com', '1987-10-08', NULL, '2012-08-01', '15', 'aktif', '30189536'),
('749744', 'Reggi Senjang Paramagarji', 'reggi.senjang@pertamina.com', '1987-06-14', NULL, '2012-08-01', '13', 'aktif', '30189448'),
('749753', 'Teguh Setiawan', 'teguh.setiawan@pertamina.com', '1988-12-27', NULL, '2012-08-01', '14', 'aktif', '30189779'),
('749756', 'Warih Wibowo', 'warih.wibowo@pertamina.com', '1984-01-15', NULL, '2012-08-01', '14', 'aktif', '30189435'),
('749757', 'Widiarso Catur Hartanto', 'widiarso.hartanto@pertamina.com', '1986-02-08', NULL, '2012-08-01', '15', 'aktif', '30189826'),
('749762', 'Aninda Dwisaksana', 'aninda.dwisaksana@pertamina.com', '1984-03-16', NULL, '2012-08-01', '16', 'aktif', '30155728'),
('749780', 'Nurul Fatma Sari', 'nurul.sari@pertamina.com', '1986-07-25', NULL, '2012-08-01', '12', 'aktif', '30189371'),
('749790', 'Kartika Ayuning Tias', 'kartika.ayuningtias@pertamina.com', '1987-04-03', NULL, '2012-08-01', '14', 'aktif', '30189244'),
('749853', 'Bara Yudha Nata', 'bara.nata@pertamina.com', '1988-04-19', NULL, '2012-08-01', '11', 'aktif', '30117333'),
('749883', 'Alfian Heru Pratikno', 'alfian.pratikno@pertamina.com', '1988-02-17', NULL, '2012-08-01', '12', 'aktif', '30189252'),
('749888', 'Bayu Siaga Krismana', 'bayu.krismana@pertamina.com', '1988-12-25', NULL, '2012-08-01', '12', 'aktif', '30189587'),
('749889', 'Budi Darmawan', 'b.darmawan@pertamina.com', '1988-06-25', NULL, '2012-08-01', '13', 'aktif', '30189543'),
('749893', 'Dhimas Widhi Wicaksono', 'dhimas.wicaksono@pertamina.com', '1987-04-30', NULL, '2012-08-01', '13', 'aktif', '30189476'),
('749911', 'I Made Mega Adi Sanjaya', 'mega.sanjaya@pertamina.com', '1987-09-01', NULL, '2012-08-01', '12', 'aktif', '30189428'),
('749923', 'Nasrul Dwi Cahyono', 'nasrul.cahyono@pertamina.com', '1987-02-08', NULL, '2012-08-01', '12', 'aktif', '30189653'),
('749926', 'Nuriva Joko Wibowo', 'nuriva.wibowo@pertamina.com', '1988-01-05', NULL, '2012-08-01', '11', 'aktif', '30189408'),
('749931', 'Ricky Haryanto', 'ricky.haryanto@pertamina.com', '1989-09-25', NULL, '2012-08-01', '12', 'aktif', '30189700'),
('749932', 'Rindho Satrio', 'rindho.satrio@pertamina.com', '1988-03-01', NULL, '2012-08-01', '13', 'aktif', '30189503'),
('749936', 'Saiful Anwar Nursanto', 'saiful.nursanto@pertamina.com', '1987-04-11', NULL, '2012-08-01', '13', 'aktif', '30189626'),
('749945', 'Vahmi Irfa', 'vahmi.irfa@pertamina.com', '1987-06-15', NULL, '2012-08-01', '12', 'aktif', '30189729'),
('750076', 'Arjamal Waginopo', 'arjamal.waginopo@pertamina.com', '1972-10-21', NULL, '2012-09-14', '16', 'aktif', '30189796'),
('750096', 'Slamet Dwi Leksono', 'slamet.leksono@pertamina.com', '1970-01-15', NULL, '2012-09-14', '15', 'aktif', '30189257'),
('750100', 'Maraden Alim Wicahyono', 'maraden.wicahyono@pertamina.com', '1977-02-17', NULL, '2012-09-14', '15', 'aktif', '30178846'),
('750125', 'Ajar Darmawan', 'bpa.ajar.darmawan@pertamina.com', '1989-12-10', NULL, '2012-12-01', '13', 'aktif', '30189328'),
('750130', 'Anandytya', 'anandyta@pertamina.com', '1988-12-08', NULL, '2012-12-01', '12', 'aktif', '30189828'),
('750134', 'Arie Hernawan', 'arie.hernawan@pertamina.com', '1988-04-26', NULL, '2012-12-01', '12', 'aktif', '30189757'),
('750135', 'Arief Widiantoro', 'arief.widiantoro@pertamina.com', '1987-08-14', NULL, '2012-12-01', '13', 'aktif', '30189695'),
('750140', 'Bayu Endro Dwi Apri Sason', 'bayu.sasono@pertamina.com', '1987-04-24', NULL, '2012-12-01', '11', 'aktif', '30189406'),
('750142', 'Bima Pradata', 'bima.pradata@pertamina.com', '1989-06-18', NULL, '2012-12-01', '12', 'aktif', '30189557'),
('750146', 'Danafia Permana', 'danafia.permana@pertamina.com', '1988-08-02', NULL, '2012-12-01', '12', 'aktif', '30189717'),
('750153', 'Denyo Yulianto', 'denyo.yulianto@pertamina.com', '1990-07-05', NULL, '2012-12-01', '11', 'aktif', '30189394'),
('750161', 'Evon Suluh Setiawan', 'evon.setiawan@pertamina.com', '1989-09-19', NULL, '2012-12-01', '13', 'aktif', '30189628'),
('750167', 'Ferry Oktavianto Aji Prak', 'ferry.prakoso@pertamina.com', '1989-10-03', NULL, '2012-12-01', '12', 'aktif', '30189495'),
('750170', 'Hamdan Abdurrahman', 'hamdan.abdurrahman@pertamina.com', '1989-08-29', NULL, '2012-12-01', '12', 'aktif', '30189385'),
('750173', 'Hasis Agung Nugroho', 'hasis.nugroho@pertamina.com', '1988-05-29', NULL, '2012-12-01', '12', 'aktif', '30189387'),
('750198', 'Muhammad Choirur Rofiqul', 'rofiqul.mizan@pertamina.com', '1989-11-01', NULL, '2012-12-01', '13', 'aktif', '30189594'),
('750199', 'Muhammad Fathoni Endriawa', 'muh.endriawan@pertamina.com', '1989-07-11', NULL, '2012-12-01', '12', 'aktif', '30189655'),
('750200', 'Muhammad Misbakhu Prastiy', 'muh.prastiyan@pertamina.com', '1990-04-14', NULL, '2012-12-01', '12', 'aktif', '30189678'),
('750204', 'Nanda Septiantoro', 'nanda.septiantoro@pertamina.com', '1989-09-15', NULL, '2012-12-01', '11', 'aktif', '30189395'),
('750205', 'Nandy Adi Nugroho', 'nandy.nugroho@pertamina.com', '1989-04-01', NULL, '2012-12-01', '12', 'aktif', '30189783'),
('750214', 'Rishki Bayu Nendra Praset', 'riskhi.prasetya@pertamina.com', '1988-09-17', NULL, '2012-12-01', '12', 'aktif', '30189396'),
('750227', 'Supiyanto', 'supriyanto@pertamina.com', '1989-11-30', NULL, '2012-12-01', '13', 'aktif', '30155954'),
('750232', 'Tri Cahyo Wuryanto', 'tri.wuryanto@pertamina.com', '1987-03-22', NULL, '2012-12-01', '11', 'aktif', '30189430'),
('750233', 'Wahyu Nugroho', 'wahyu.nugroho@pertamina.com', '1987-03-06', NULL, '2012-12-01', '13', 'aktif', '30189625'),
('750394', 'Ade Gunawan', 'ade.gunawan@pertamina.com', '1985-10-21', NULL, '2012-12-01', '15', 'aktif', '30165509'),
('750436', 'Agung Kaharesa Wijaya', 'agung.kwijaya@pertamina.com', '1989-09-07', NULL, '2012-12-01', '14', 'aktif', '30189402'),
('750444', 'Astanti Fatsa Yulia', 'astanti.fatsa@pertamina.com', '1988-07-03', NULL, '2012-12-01', '13', 'aktif', '30189523'),
('750446', 'Bagus Sulistio Hadi', 'bagus.hadi@pertamina.com', '1989-06-27', NULL, '2012-12-01', '14', 'aktif', '30189422'),
('750459', 'Galuh Candra Permana', 'galuh.candra@pertamina.com', '1987-06-19', NULL, '2012-12-01', '14', 'aktif', '30189795'),
('750465', 'Irfan Fauzi Pamungkas', 'irfan.pamungkas@pertamina.com', '1987-01-13', NULL, '2012-12-01', '14', 'aktif', '30189494'),
('750475', 'Muhammad Hifdhi Nasrillah', 'hifdhi.nasrillah@pertamina.com', '1988-03-10', NULL, '2012-12-01', '14', 'aktif', '30189793'),
('750479', 'Ragil Wulandono', 'ragil.wulandono@pertamina.com', '1988-05-15', NULL, '2012-12-01', '14', 'aktif', '30189379'),
('750498', 'Catur Pramudya', 'catur.pramudya@pertamina.com', '1981-07-02', NULL, '2012-11-05', '15', 'aktif', '30181495'),
('750586', 'Aditya Hendra Kusuma', 'aditya.kusuma@pertamina.com', '1987-04-19', NULL, '2013-02-01', '13', 'aktif', '30189599'),
('750591', 'Andreas Yanuar Arinawan', 'andreas.arinawan@pertamina.com', '1986-01-09', NULL, '2013-02-01', '15', 'aktif', '30189324'),
('750602', 'Gatra Wigatama', 'gatra.wigatama@pertamina.com', '1989-01-17', NULL, '2013-02-01', '14', 'aktif', '30189560'),
('750617', 'Putri Novyana Pramitha Sa', 'putri.pramitha@pertamina.com', '1987-11-12', NULL, '2013-02-01', '13', 'aktif', '30155956'),
('750622', 'Tetty Dwi Hastiningsih', 'tetty.hastiningsih@pertamina.com', '1987-05-10', NULL, '2013-02-01', '14', 'aktif', '30189807'),
('750644', 'Wulan Azizah', 'wulan.azizah@pertamina.com', '1989-03-13', NULL, '2013-02-01', '13', 'aktif', '30165516'),
('750679', 'Eva Piniji Lestari', 'eva.lestari@pertamina.com', '1985-12-23', NULL, '2013-02-01', '13', 'aktif', '30189794'),
('750731', 'Anggriawan Gondokusumo', 'anggriawan.g@pertamina.com', '1988-12-17', NULL, '2013-02-01', '13', 'aktif', '30189539'),
('750737', 'Ery Cahya Suprapta', 'ery.suprapta@pertamina.com', '1989-05-17', NULL, '2013-02-01', '11', 'aktif', '30189646'),
('750739', 'Febri Nur Faizin', 'febri.faizin@pertamina.com', '1990-02-17', NULL, '2013-02-01', '12', 'aktif', '30189291'),
('750745', 'M. Aris Maulana Rifa\'i', 'manis.rifai@pertamina.com', '1988-04-10', NULL, '2013-02-01', '11', 'aktif', '30189344'),
('750858', 'Abdul Azis', 'abdul.aziz1@pertamina.com', '1994-09-23', NULL, '2013-06-08', '10', 'aktif', '30189825'),
('750862', 'Anggardi Reza Maulana', 'anggardi.maulana@pertamina.com', '1993-09-12', NULL, '2013-06-08', '10', 'aktif', '30184514'),
('750865', 'Deden Hardiansyah', 'deden.hardiansyah@pertamina.com', '1994-12-15', NULL, '2013-06-08', '10', 'aktif', '30189734'),
('750869', 'Joealdy Arianto Ndoen', 'joealdy.ndoen@pertamina.com', '1994-07-09', NULL, '2013-06-08', '10', 'aktif', '30189281'),
('750872', 'Lalu Ahmad Radhy Wardiman', 'ahmad.wardiman@pertamina.com', '1994-05-29', NULL, '2013-06-08', '10', 'aktif', '30189337'),
('750874', 'Maychel Chrisostom', 'maychel.chrisostom@pertamina.com', '1992-10-23', NULL, '2013-06-08', '11', 'aktif', '30189696'),
('750876', 'Muhammad Fajri', 'm.fajri@pertamina.com', '1994-04-04', NULL, '2013-06-08', '11', 'aktif', '30189675'),
('750877', 'Muhammat Rifail', 'muhammat.rifail@pertamina.com', '1994-09-26', NULL, '2013-06-08', '10', 'aktif', '30184513'),
('750878', 'Nauval Zulharmain', 'nauval.zulharmain@pertamina.com', '1993-06-07', NULL, '2013-06-08', '11', 'aktif', '30189686'),
('750879', 'Nova Mardian Saputra', 'nova.saputra@pertamina.com', '1993-11-06', NULL, '2013-06-08', '11', 'aktif', '30189710'),
('750880', 'Rizky Ilahi', 'rizky.ilahi@pertamina.com', '1994-12-16', NULL, '2013-06-08', '10', 'aktif', '30189764'),
('750970', 'Ardha Agnisatria Bahar', 'ardha.agnisatria@pertamina.com', '1988-09-17', NULL, '2013-08-01', '15', 'aktif', '30189399'),
('750971', 'Aria Aditya', 'aria.aditya@pertamina.com', '1989-08-17', NULL, '2013-08-01', '14', 'aktif', '30189442'),
('750986', 'Sigit Wicaksono Hp', 'sigit.whp@pertamina.com', '1989-08-13', NULL, '2013-08-01', '13', 'aktif', '30189443'),
('750987', 'Yoga Perdana Hidayat', 'yoga.hidayat@pertamina.com', '1986-09-30', NULL, '2013-08-01', '15', 'aktif', '30189631'),
('751001', 'Alfan Rahmadianto', 'alfan.r@pertamina.com', '1990-11-11', NULL, '2013-08-01', '11', 'aktif', '30189515'),
('751020', 'Indra Mukti Purboyo', 'indra.purboyo@pertamina.com', '1991-03-23', NULL, '2013-08-01', '11', 'aktif', '30155957'),
('751033', 'Novet Panca Yogantara', 'novet.yogantara@pertamina.com', '1988-11-29', NULL, '2013-08-01', '12', 'aktif', '30189788'),
('751042', 'Syukron Makmun', 'syukron.makmun@pertamina.com', '1988-06-06', NULL, '2013-08-01', '11', 'aktif', '30189715'),
('751050', 'Agung Setyo Wibowo', 'agung.setyowibowo@pertamina.com', '1979-03-04', NULL, '2013-08-01', '10', 'aktif', '30189708'),
('751053', 'Anton Priyono', 'anton.priyono@pertamina.com', '1978-04-14', NULL, '2013-08-01', '09', 'aktif', '30189293'),
('751055', 'Candra Bayu Tirtana', 'candra.tirtana@pertamina.com', '1985-02-26', NULL, '2013-08-01', '10', 'aktif', '30189317'),
('751056', 'Edy Priyono', 'edy.priyono@pertamina.com', '1986-06-10', NULL, '2013-08-01', '10', 'aktif', '30189728'),
('751059', 'Gatot Sudarsono', 'gatot.sudarsono@pertamina.com', '1983-03-08', NULL, '2013-08-01', '11', 'aktif', '30189766'),
('751060', 'I wayan Sukarta', 'i.sukarta@pertamina.com', '1975-03-15', NULL, '2013-08-01', '11', 'aktif', '30189725'),
('751067', 'Nurul Chasan', 'nurul.chasan@pertamina.com', '1976-04-12', NULL, '2013-08-01', '10', 'aktif', '30189330'),
('751151', 'Mukhammad Jamil', 'mukhammad.jamil@pertamina.com', '1978-03-23', NULL, '2013-07-24', '15', 'aktif', '30189821'),
('751591', 'Alessandro Eranto Bais', 'alessandro.bais@pertamina.com', '1988-04-29', NULL, '2014-02-01', '12', 'aktif', '30189359'),
('751594', 'Anthony Sebastian', 'anthony.sebastian@pertamina.com', '1989-08-15', NULL, '2014-02-01', '12', 'aktif', '30189706'),
('751595', 'Baskoro Kusumo Adhi', 'baskoro.kusumo@pertamina.com', '1992-01-29', NULL, '2014-02-01', '12', 'aktif', '30189654'),
('751600', 'Chandra Juliantono', 'chandra.juliantono@pertamina.com', '1989-07-23', NULL, '2014-02-01', '12', 'aktif', '30189288'),
('751602', 'Dwi Achmad Budianto', 'dwi.budianto@pertamina.com', '1989-03-11', NULL, '2014-02-01', '11', 'aktif', '30189362'),
('751616', 'Pamuji Em Mulia Putra', 'pamuji.putra@pertamina.com', '1989-08-18', NULL, '2014-02-01', '12', 'aktif', '30189329'),
('751621', 'Rizki Praminta Wicaksana', 'rizki.wicaksana@pertamina.com', '1990-09-12', NULL, '2014-02-01', '12', 'aktif', '30189763'),
('751706', 'Akhmad Hendy Wicaksono', 'akhmad.wicaksono@pertamina.com', '1986-05-09', NULL, '2014-02-01', '15', 'aktif', '30155732'),
('751750', 'Adi Nandiwardhana', 'adi.nandiwardhana@pertamina.com', '1988-03-26', NULL, '2014-02-01', '13', 'aktif', '30189421'),
('751756', 'Dany Hutama Aji', 'dani.aji@pertamina.com', '1990-08-31', NULL, '2014-02-01', '13', 'aktif', '30189433'),
('751771', 'R. Dorojatun Sumantri', 'dorojatun.sumantri@pertamina.com', '1990-08-19', NULL, '2014-02-01', '14', 'aktif', '30189432'),
('752030', 'Bagus Budianto', 'bagus.budianto@pertamina.com', '1991-10-09', NULL, '2014-08-01', '11', 'aktif', '30189306'),
('752032', 'Bayu Baskoro Nugroho', 'bayu.nugroho1@pertamina.com', '1991-08-14', NULL, '2014-08-01', '11', 'aktif', '30189304'),
('752056', 'Emmanuel Suprapto', 'emmanuel.suprapto@pertamina.com', '1992-05-17', NULL, '2014-08-01', '12', 'aktif', '30189327'),
('752059', 'Erlangga Prabhasasri', 'erlangga.prabhasasri@pertamina.com', '1986-02-19', NULL, '2014-08-01', '14', 'aktif', '30189400'),
('752061', 'Fadel Bairuni', 'fadel.bairuni@pertamina.com', '1991-01-27', NULL, '2014-08-01', '11', 'aktif', '30189305'),
('752064', 'Fahmi Firmansyah', 'fahmi.firmansyah@pertamina.com', '1992-11-17', NULL, '2014-08-01', '11', 'aktif', '30189271'),
('752066', 'Farchan Kamil', 'farchan.kamil@pertamina.com', '1990-03-29', NULL, '2014-08-01', '15', 'aktif', '30189464'),
('752072', 'Ferdino Fanny Dwi Putra', 'ferdino.putra@pertamina.com', '1988-02-25', NULL, '2014-08-01', '11', 'aktif', '30189334'),
('752076', 'Galang Alhaya Dinasti', 'galang.dinasti@pertamina.com', '1992-03-28', NULL, '2014-08-01', '11', 'aktif', '30189292'),
('752082', 'Hasbi Fahada', 'hasbi.fahada@pertamina.com', '1989-02-12', NULL, '2014-08-01', '14', 'aktif', '30189770'),
('752084', 'Henri Achrieza', 'henri.achrieza@pertamina.com', '1988-11-22', NULL, '2014-08-01', '11', 'aktif', '30189333'),
('752090', 'Kemas Satria Pratama', 'kemas.pratama@pertamina.com', '1991-10-28', NULL, '2014-08-01', '14', 'aktif', '30189785'),
('752093', 'Kiagus Achmad Ario Ditoku', 'ario.ditokusumah@pertamina.com', '1988-06-13', NULL, '2014-08-01', '12', 'aktif', '30189340'),
('752102', 'Maulana Puji Kusumadewi', 'maulana.kusumadewi@pertamina.com', '1987-11-04', NULL, '2014-08-01', '13', 'aktif', '30117331'),
('752104', 'Meydina Tri Lestari', 'meydina.lestari@pertamina.com', '1991-01-30', NULL, '2014-08-01', '12', 'aktif', '30189811'),
('752106', 'Mimbar Sutisna Wangsadiri', 'mimbar.wangsadiria@pertamina.com', '1990-02-25', NULL, '2014-08-01', '11', 'aktif', '30189657'),
('752108', 'Mohamad Reza Indradi', 'mohamad.indradi@pertamina.com', '1991-09-18', NULL, '2014-08-01', '14', 'aktif', '30189248'),
('752118', 'Muhammad Rizky Andika Put', 'rizky.putra@pertamina.com', '1992-05-12', NULL, '2014-08-01', '11', 'aktif', '30189264'),
('752128', 'Okryreza Abdurrachman', 'okryreza.abdurrachman@pertamina.com', '1991-10-08', NULL, '2014-08-01', '13', 'aktif', '30189504'),
('752130', 'Pamudya Angga Wicaksana', 'pamudya.wicaksana@pertamina.com', '1992-05-04', NULL, '2014-08-01', '12', 'aktif', '30189341'),
('752133', 'Prapanca Bona Perkasa', 'prapanca.perkasa@pertamina.com', '1991-12-02', NULL, '2014-08-01', '11', 'aktif', '30189302'),
('752137', 'Rahman Nur Hakim', 'rahman.hakim@pertamina.com', '1991-11-11', NULL, '2014-08-01', '12', 'aktif', '30189691'),
('752154', 'Satriyo Rahmandiyan', 'satriyo.rahmandiyan@pertamina.com', '1989-03-15', NULL, '2014-08-01', '11', 'aktif', '30189290'),
('752159', 'Sukma Pamungkas', 'sukma.pamungkas@pertamina.com', '1988-05-27', NULL, '2014-08-01', '13', 'aktif', '30189513'),
('752166', 'Thantawi', 'thantawi@pertamina.com', '1990-09-15', NULL, '2014-08-01', '11', 'aktif', '30189262'),
('752172', 'Urip Widodo', 'urip.widodo@pertamina.com', '1992-03-21', NULL, '2014-08-01', '11', 'aktif', '30189263'),
('752175', 'Wachid Siambar Buka', 'wachid.buka@pertamina.com', '1990-04-01', NULL, '2014-08-01', '11', 'aktif', '30189265'),
('752183', 'Yessica Ratri Wiguna', 'yessica.wiguna@pertamina.com', '1990-07-12', NULL, '2014-08-01', '14', 'aktif', '30189808'),
('752184', 'Yesy Sinta Seftiani', 'yesy.seftiani@pertamina.com', '1990-09-02', NULL, '2014-08-01', '13', 'aktif', '30189827'),
('752185', 'Yndro Purnomo', 'yndro.purnomo@pertamina.com', '1988-08-16', NULL, '2014-08-01', '12', 'aktif', '30189496'),
('752189', 'Yudhy Pratama', 'yudhy.pratama@pertamina.com', '1988-03-10', NULL, '2014-08-01', '14', 'aktif', '30155729'),
('752345', 'Arwin Purwanto', 'arwin.purwanto@pertamina.com', '1982-02-02', NULL, '2015-03-01', '09', 'aktif', '30189363'),
('752346', 'Galih Setiawan', 'galih.setiawan@pertamina.com', '1982-08-08', NULL, '2015-03-01', '10', 'aktif', '30189718'),
('752347', 'Risky Budiman', 'risky.budiman@pertamina.com', '1986-01-22', NULL, '2015-03-01', '10', 'aktif', '30189749'),
('752348', 'Baginda Parlaungan Siagia', 'baginda.siagian@pertamina.com', '1989-01-02', NULL, '2015-03-01', '09', 'aktif', '30189533'),
('752349', 'Sumardiyanto', 'sumardiyanto@pertamina.com', '1980-10-26', NULL, '2015-03-01', '10', 'aktif', '30189579'),
('752397', 'Julian C. Pratama', 'julian.pratama@pertamina.com', '1992-07-17', NULL, '2015-03-01', '12', 'aktif', '30189561'),
('752398', 'Decky Pramana', 'decky.pramana@pertamina.com', '1992-12-15', NULL, '2015-03-01', '12', 'aktif', '30189694'),
('752412', 'Sigit Gunawan', 'sigit.gunawan@pertamina.com', '1990-01-18', NULL, '2015-03-01', '12', 'aktif', '30189849'),
('752413', 'Eddy Kurniawan', 'eddy.kurniawan@pertamina.com', '1990-01-25', NULL, '2015-03-01', '12', 'aktif', '30189525'),
('752418', 'Ahmad Hamzah', 'ahmad.hamzah@pertamina.com', '1993-03-18', NULL, '2015-03-01', '12', 'aktif', '30189609'),
('752424', 'Achmad Irfan', 'achmad.irfan@pertamina.com', '1991-02-05', NULL, '2015-03-01', '11', 'aktif', '30189575'),
('752425', 'Restu Novansha Agus Wahon', 'restu.wahono@pertamina.com', '1992-11-04', NULL, '2015-03-01', '11', 'aktif', '30189748'),
('752426', 'Septian Hanjaya', 'septian.hanjaya@pertamina.com', '1989-09-16', NULL, '2015-03-01', '11', 'aktif', '30189615'),
('752427', 'Nova Setiyawan', 'nova.setiyawan@pertamina.com', '1990-11-28', NULL, '2015-03-01', '12', 'aktif', '30189573'),
('752436', 'Rif\'an Fauzi', 'rifan.fauzi@pertamina.com', '1992-05-10', NULL, '2015-03-01', '12', 'aktif', '30189697'),
('752440', 'Inan Isnaeni', 'inan.isnaeni@pertamina.com', '1991-06-14', NULL, '2015-03-01', '11', 'aktif', '30189355'),
('752452', 'Giri Yudo Megiono', 'giri.megiono@pertamina.com', '1990-05-16', NULL, '2015-03-01', '12', 'aktif', '30189514');
INSERT INTO `data_karyawan` (`nopeg`, `nama`, `email`, `tanggal_lahir`, `tanggal_aktif`, `tmt_dapen`, `prl`, `status1`, `id_position`) VALUES
('752455', 'Mabrur', 'mabrur@pertamina.com', '1992-05-18', NULL, '2015-03-01', '11', 'aktif', '30189736'),
('752460', 'Johanis Rendra Muhammadi', 'johanis.rendra@pertamina.com', '1990-05-16', NULL, '2015-03-01', '12', 'aktif', '30189618'),
('752463', 'Eka Widya Saktiawan Budi', 'eka.widya@pertamina.com', '1993-10-01', NULL, '2015-03-01', '12', 'aktif', '30189607'),
('752464', 'Rois Amsari', 'rois.amsari@pertamina.com', '1993-10-31', NULL, '2015-03-01', '11', 'aktif', '30189760'),
('752466', 'Riko Firdiansyah', 'riko.firdiansyah@pertamina.com', '1992-03-12', NULL, '2015-03-01', '12', 'aktif', '30189508'),
('752479', 'Geraldo Acewyno', 'geraldo.acewyno@pertamina.com', '1990-11-23', NULL, '2015-03-01', '14', 'aktif', '30189241'),
('752482', 'Widhayaka Aji Candra', 'widhayaka.aji@pertamina.com', '1991-11-27', NULL, '2015-03-01', '14', 'aktif', '30189820'),
('752495', 'Ary Putra Setiyawan', 'ary.setiyawan@pertamina.com', '1989-04-14', NULL, '2015-03-01', '14', 'aktif', '30189550'),
('752506', 'Gede Marta Wahana Putra', 'gede.marta@pertamina.com', '1992-03-11', NULL, '2015-03-01', '13', 'aktif', '30189772'),
('752508', 'Fajar Bangkit Prasetyo', 'fajar.prasetyo@pertamina.com', '1991-05-20', NULL, '2015-03-01', '14', 'aktif', '30189553'),
('753268', 'Monica Febriyanti Silalah', 'monica.silalahi@pertamina.com', '1992-02-05', NULL, '2015-07-01', '13', 'aktif', '30180775'),
('753270', 'Potayanda', 'potayanda@pertamina.com', '1990-05-25', NULL, '2015-07-01', '13', 'aktif', '30180777'),
('753302', 'Mohamad Ziaul Hidayat', 'mohamad.hidayat2@pertamina.com', '1988-08-31', NULL, '2015-07-01', '14', 'aktif', '30189814'),
('753307', 'Muhammad Harisuddin', 'mharisuddin@pertamina.com', '1991-04-30', NULL, '2015-07-01', '14', 'aktif', '30189831'),
('753312', 'Parabil Matagiwa', 'parabil.matagiwa@pertamina.com', '1987-10-31', NULL, '2015-07-01', '14', 'aktif', '30189839'),
('753321', 'Wiharsa Pragitatama', 'wiharsa.pragitatama@pertamina.com', '1992-04-21', NULL, '2015-07-01', '13', 'aktif', '30189773'),
('753324', 'Yopi Yuanggara', 'yopi.yuanggara@pertamina.com', '1992-06-20', NULL, '2015-07-01', '14', 'aktif', '30189633'),
('753327', 'Ahmad Baidhowi', 'ahmad.baidhowi@pertamina.com', '1990-06-06', NULL, '2015-07-01', '12', 'aktif', '30189571'),
('753331', 'Firdan Islamy', 'firdan.islamy@pertamina.com', '1991-01-13', NULL, '2015-07-01', '11', 'aktif', '30189649'),
('753334', 'Galih Reistaning Wijaya', 'galih.wijaya@pertamina.com', '1990-11-13', NULL, '2015-07-01', '13', 'aktif', '30189843'),
('753351', 'Sucahyo Normawan Samadi', 'sucahyo.normawan@pertamina.com', '1990-10-02', NULL, '2015-07-01', '12', 'aktif', '30189823'),
('753456', 'Tomy Hari Aprilianto', 'tomy.aprilianto@pertamina.com', '1997-04-11', NULL, '2016-03-01', '09', 'aktif', '30189677'),
('753457', 'Bayu Al Fajri', 'bayu.fajri@pertamina.com', '1997-04-29', NULL, '2016-03-01', '10', 'aktif', '30189446'),
('753458', 'Odi Ray Madinah', 'odi.madinah@pertamina.com', '1997-03-01', NULL, '2016-03-01', '10', 'aktif', '30189549'),
('753459', 'Joy Jors Otemusu', 'joy.otemusu@pertamina.com', '1998-01-04', NULL, '2016-03-01', '09', 'aktif', '30189689'),
('753460', 'Yakobus E.B.P Santoso', 'yakobus.santoso@pertamina.com', '1996-01-21', NULL, '2016-03-01', '09', 'aktif', '30189716'),
('753606', 'Rahmat Kariono', 'rahmat.kariono123@pertamina.com', '1968-01-10', NULL, '2017-02-06', '11', 'aktif', '30189534'),
('753607', 'Wednyo Haryoto', 'wednyo.haryoto@pertamina.com', '1973-12-15', NULL, '2017-02-06', '12', 'aktif', '30189798'),
('753610', 'Burhanudin', 'burhanudin1@pertamina.com', '1974-10-24', NULL, '2017-02-06', '11', 'aktif', '30189650'),
('753655', 'Azlul Fadhly Oka', 'azlul.oka@pertamina.com', '1989-11-07', NULL, '2017-05-01', '12', 'aktif', '30189775'),
('753672', 'Syfa Almira', 'syfa.almira@pertamina.com', '1991-04-30', NULL, '2017-05-01', '13', 'aktif', '30189518'),
('753715', 'Muhammad Yuriansyah Putra', 'muhammad.yuriansyah@pertamina.com', '1990-04-04', NULL, '2017-05-01', '13', 'aktif', '30155733'),
('753732', 'Taufiq Hidayat', 'taufiq.hidayat@pertamina.com', '1991-07-22', NULL, '2017-08-15', '13', 'aktif', '30189522'),
('753736', 'Satwika Prabhaswara', 'satwika.prabhaswara@pertamina.com', '1989-10-01', NULL, '2017-08-15', '12', 'aktif', '30189336'),
('753823', 'Tegar Candra Wardhana', 'tegar.wardhana@pertamina.com', '1995-01-22', NULL, '2017-08-15', '11', 'aktif', '30189754'),
('753824', 'Risang Abdilah', 'risang.abdilah@pertamina.com', '1992-09-29', NULL, '2017-08-15', '11', 'aktif', '30189714'),
('753825', 'Juan Andoni Winanda', 'juan.winanda@pertamina.com', '1994-06-15', NULL, '2017-07-17', '11', 'aktif', '30189658'),
('753826', 'Rishad Antony Pratama', 'rishad.pratama@pertamina.com', '1994-03-27', NULL, '2017-07-17', '10', 'aktif', '30189742'),
('753827', 'Rizky Dwi Cahya', 'rizky.cahya@pertamina.com', '1995-06-22', NULL, '2017-08-15', '11', 'aktif', '30189345'),
('753828', 'Mustofa Kamal', 'mustofa.kamal@pertamina.com', '1992-07-04', NULL, '2017-08-15', '10', 'aktif', '30189279'),
('753829', 'Galih Widiasto', 'galih.widiasto@pertamina.com', '1991-07-28', NULL, '2017-08-15', '10', 'aktif', '30189316'),
('753830', 'Achmad Rizky Firdiyansyah', 'achmad.firdiyansyah@pertamina.com', '1993-12-29', NULL, '2017-08-15', '10', 'aktif', '30189318'),
('753831', 'Vian Rafsanjani', 'vian.rafsanjani@pertamina.com', '1995-07-29', NULL, '2017-08-15', '11', 'aktif', '30189584'),
('753832', 'Rahmad Sigit Sebastyan', 'rahmad.sebastyan@pertamina.com', '1992-07-27', NULL, '2017-08-15', '10', 'aktif', '30189546'),
('753833', 'Wahyu Putra Hadi Kusuma', 'wahyu.kusuma@pertamina.com', '1992-02-17', NULL, '2017-08-15', '10', 'aktif', '30189544'),
('753834', 'M. Miftachuddin', 'm.miftachuddin@pertamina.com', '1992-03-30', NULL, '2017-08-15', '11', 'aktif', '30189389'),
('754016', 'Leonardo Aji Nugraha', 'leonardo.nugraha@pertamina.com', '1994-05-22', NULL, '2017-08-20', '12', 'aktif', '30189634'),
('754022', 'Irpan Friyadi', 'irpan.friyadi@pertamina.com', '1994-02-01', NULL, '2017-08-20', '12', 'aktif', '30189528'),
('754088', 'Atsani Umarul Arifin', 'atsani.arifin@pertamina.com', '1993-07-11', NULL, '2017-10-17', '11', 'aktif', '30189600'),
('754148', 'R.B. Emil Trisatya Nurima', 'emil.trisatya@pertamina.com', '1992-12-15', NULL, '2017-11-15', '12', 'aktif', '30189674'),
('754160', 'Rasyd Krisdyanto', 'rasyd.krisdyanto@pertamina.com', '1992-12-19', NULL, '2017-11-15', '12', 'aktif', '30189276'),
('754170', 'Pandu Prasena', 'pandu.prasena1@pertamina.com', '1993-06-24', NULL, '2017-11-15', '12', 'aktif', '30189590'),
('754173', 'Fajar Rizky Hariyono', 'fajar.hariyono@pertamina.com', '1990-06-09', NULL, '2017-11-15', '12', 'aktif', '30189310'),
('754175', 'Muhammad Nuralim Zain Mid', 'm.mide@pertamina.com', '1991-02-06', NULL, '2017-11-15', '12', 'aktif', '30189488'),
('754195', 'Athur Tedo Basundara', 'athur.tedo@pertamina.com', '1992-08-30', NULL, '2017-11-15', '12', 'aktif', '30165517'),
('754217', 'Gita Anggi Alisa', 'gita.anggi@pertamina.com', '1993-08-12', NULL, '2017-12-13', '12', 'aktif', '30180776'),
('754228', 'Adam Kusuma', 'adam.kusuma@pertamina.com', '1995-12-31', NULL, '2018-01-03', '10', 'aktif', '30181501'),
('754239', 'Dhuha Harizuddin Hatman', 'dhuha.hatman@pertamina.com', '1995-11-14', NULL, '2018-01-03', '11', 'aktif', '30151681'),
('754252', 'Abdillah Muharram', 'abdillah.muharram@pertamina.com', '1995-05-31', NULL, '2018-01-11', '10', 'aktif', '30189611'),
('754253', 'Dicky Dwi Randika', 'dicky.randika@pertamina.com', '1995-03-30', NULL, '2018-01-11', '10', 'aktif', '30189645'),
('754254', 'Endi Cahyono', 'endi.cahyono@pertamina.com', '1994-05-20', NULL, '2018-01-11', '10', 'aktif', '30189740'),
('754255', 'Faisal Yanuar Adiba', 'faisal.adiba@pertamina.com', '1994-01-20', NULL, '2018-01-11', '10', 'aktif', '30189612'),
('754256', 'Faizal Arga Andreanto', 'faizal.andreanto@pertamina.com', '1993-08-01', NULL, '2018-01-11', '10', 'aktif', '30189707'),
('754257', 'Gilang Armada Hariyono Sa', 'gilang.saputra@pertamina.com', '1993-05-19', NULL, '2018-01-11', '10', 'aktif', '30189767'),
('754258', 'Haris Inmas Ryandi', 'haris.ryandi@pertamina.com', '1995-09-20', NULL, '2018-01-11', '10', 'aktif', '30189666'),
('754259', 'Reza Rizal Bakri Ilhamsya', 'reza.ilhamsyah@pertamina.com', '1995-07-10', NULL, '2018-01-11', '10', 'aktif', '30189679'),
('754260', 'Satrio Aji', 'satrio.aji@pertamina.com', '1993-08-31', NULL, '2018-01-11', '10', 'aktif', '30189357'),
('754261', 'Tahta Adhitama', 'tahta.adhitama@pertamina.com', '1995-01-02', NULL, '2018-01-11', '10', 'aktif', '30189703'),
('754262', 'Vicky Arie Pradana', 'vicky.pradana@pertamina.com', '1993-03-13', NULL, '2018-01-11', '10', 'aktif', '30189383'),
('754263', 'Vrisco Harjanto', 'vrisco.harjanto@pertamina.com', '1996-06-20', NULL, '2018-01-11', '10', 'aktif', '30189583'),
('754264', 'Wahyu Wicaksono', 'wahyu.wicaksono1@pertamina.com', '1991-05-23', NULL, '2018-01-11', '10', 'aktif', '30189568'),
('754339', 'Safrizal Ariyandi', 'safrizal.a@pertamina.com', '1994-03-10', NULL, '2018-07-27', '10', 'aktif', '30117337'),
('754433', 'Abdi Manah Jawialislam', 'abdi.manah@pertamina.com', '1995-10-12', NULL, '2018-07-27', '10', 'aktif', '30189672'),
('754434', 'Adam Al Hakiim', 'adam.hakiim@pertamina.com', '1996-07-06', NULL, '2018-07-27', '10', 'aktif', '30189578'),
('754437', 'Achmad Rizal Wahyudi', 'achmad.wahyudi2@pertamina.com', '1993-12-23', NULL, '2018-07-27', '10', 'aktif', '30189701'),
('754439', 'Agung Slamet Budiono', 'agung.sbudiono@pertamina.com', '1994-06-20', NULL, '2018-07-27', '10', 'aktif', '30189319'),
('754440', 'Adams Pranantha Cahya Put', 'adams.putra@pertamina.com', '1996-12-19', NULL, '2018-07-27', '10', 'aktif', '30189598'),
('754441', 'Aditia Wira Nugraha', 'aditia.nugraha@pertamina.com', '1994-04-22', NULL, '2018-07-27', '10', 'aktif', '30189746'),
('754442', 'Aldi Novadiano Pratedika', 'aldi.pratedika@pertamina.com', '1994-11-30', NULL, '2018-07-27', '10', 'aktif', '30189320'),
('754497', 'Ryandika Albani', 'ryandika.albani@pertamina.com', '1993-12-16', NULL, '2018-07-27', '10', 'aktif', '30189545'),
('754512', 'Hidayatul Jihad', 'hidayatul.jihad@pertamina.com', '1994-05-29', NULL, '2018-07-27', '10', 'aktif', '30189326'),
('754522', 'Muhammad Ainul Habibiy', 'mainul.habibiy@pertamina.com', '1992-01-09', NULL, '2018-07-27', '10', 'aktif', '30189441'),
('754525', 'Zulfiul Ulama\'u', 'zullfiul.ulamau@pertamina.com', '1992-11-10', NULL, '2018-07-27', '10', 'aktif', '30189361'),
('754527', 'Tri Prasetyo Aji', 'tri.prasetyoaji@pertamina.com', '1996-04-10', NULL, '2018-07-27', '10', 'aktif', '30189562'),
('754528', 'Kurnia Reza Iswara', 'kurnia.iswara@pertamina.com', '1996-08-22', NULL, '2018-07-27', '10', 'aktif', '30189280'),
('754530', 'Wildan Fitra Ahmadi', 'wildan.ahmadi@pertamina.com', '1995-03-04', NULL, '2018-07-27', '10', 'aktif', '30189390'),
('754544', 'Heru Fatkhurohmat', 'heru.fatkurohmat@pertamina.com', '1996-07-20', NULL, '2018-07-27', '10', 'aktif', '30189312'),
('754547', 'Rima Kristiyan', 'rima.kristiyan@pertamina.com', '1992-08-25', NULL, '2018-07-27', '10', 'aktif', '30189391'),
('754552', 'M. Amin Fachrur Rozi', 'mamin.rozi@pertamina.com', '1995-07-29', NULL, '2018-07-27', '10', 'aktif', '30189282'),
('754554', 'Moch Ninjar Ramadhan', 'mochninjar94@pertamina.com', '1994-02-22', NULL, '2018-07-27', '10', 'aktif', '30189289'),
('754562', 'Miftahul Ahzabuddin', 'miftahul.ahzabuddin@pertamina.com', '1993-08-03', NULL, '2018-07-27', '10', 'aktif', '30189284'),
('754572', 'M. Esa Alfi Syahri Santos', 'mesa.santoso@pertamina.com', '1995-02-16', NULL, '2018-07-27', '10', 'aktif', '30189283'),
('754577', 'Hendrik Saputro', 'hendrik.saputro@pertamina.com', '1993-09-11', NULL, '2018-07-27', '10', 'aktif', '30189321'),
('754675', 'Ida Bagus Made Artha', 'idabagus.madeartha@pertamina.com', '1998-04-02', NULL, '2018-07-20', '08', 'aktif', '30189567'),
('754788', 'Mohamad Fahrurozi', 'mfahrurozi@pertamina.com', '1996-10-02', NULL, '2018-07-20', '08', 'aktif', '30189759'),
('754791', 'Aldy Gumelar Sekti Saputr', 'aldy.saputro@pertamina.com', '1998-09-09', NULL, '2018-07-20', '08', 'aktif', '30189753'),
('754800', 'Rangga Putra Setya Pradan', 'rangga.pradana@pertamina.com', '1999-05-20', NULL, '2018-07-20', '08', 'aktif', '30189548'),
('754807', 'Avib Rizky Hernanto', 'avib.hernanto@pertamina.com', '1997-02-16', NULL, '2018-07-20', '08', 'aktif', '30189709'),
('754808', 'Ivan Arnand Yoriza', 'ivan.yoriza@pertamina.com', '1996-12-07', NULL, '2018-07-20', '08', 'aktif', '30189726'),
('754811', 'Muhammad Rasyid Faiz Ferl', 'mrasyid.ferlanda@pertamina.com', '1999-03-17', NULL, '2018-07-20', '08', 'aktif', '30189735'),
('754814', 'Jorgix Dwi Wantara', 'jorgix.wantara@pertamina.com', '1998-09-20', NULL, '2018-07-20', '08', 'aktif', '30189447'),
('754820', 'Willyan Oktav Adhi Nirwan', 'willyan.nirwana@pertamina.com', '1996-10-31', NULL, '2018-07-20', '08', 'aktif', '30189747'),
('754823', 'Rizqi Akhsanjaya', 'rizqi.akhsanjaya@pertamina.com', '1996-05-28', NULL, '2018-07-20', '08', 'aktif', '30189741'),
('754828', 'Azmi Nadhif Fauzi', 'azmi.fauzi@pertamina.com', '1998-05-25', NULL, '2018-07-20', '08', 'aktif', '30189532'),
('754833', 'Mohammad Taufik Ridwan Lu', 'mohammad.lubis@pertamina.com', '1994-09-12', NULL, '2018-11-01', '12', 'aktif', '30151483'),
('754909', 'Muhammad Kemal Hafswara', 'muh.hafswara@pertamina.com', '1993-02-25', NULL, '2018-11-01', '12', 'aktif', '30155735'),
('754915', 'Azhel Houzan Faris', 'azhel.faris@pertamina.com', '1994-10-12', NULL, '2018-11-01', '12', 'aktif', '30164986'),
('754928', 'Febby Shabrina Rachman', 'febby.rachman@pertamina.com', '1995-02-09', NULL, '2018-11-01', '12', 'aktif', '30181500'),
('754935', 'Sadam Sidiq', 'sadam.sidiq@pertamina.com', '1991-12-11', NULL, '2018-11-01', '12', 'aktif', '30181497'),
('755133', 'Achmad Denny Darmawan', 'achmad.darmawan@pertamina.com', '1994-10-21', NULL, '2018-11-01', '12', 'aktif', '30189275'),
('755154', 'Setya Mahendra Bayu Aji', 'setya.aji@pertamina.com', '1994-09-22', NULL, '2018-11-01', '12', 'aktif', '30189692'),
('755159', 'Tommy Suryata Wisnu Warda', 'tommy.wardana@pertamina.com', '1990-12-01', NULL, '2018-11-01', '12', 'aktif', '30189524'),
('755173', 'Ardhan Bayu Frestriawan', 'ardhan.frestriawan@pertamina.com', '1993-11-06', NULL, '2018-11-01', '12', 'aktif', '30189680'),
('755177', 'Aufar Nugroho', 'aufar.nugroho@pertamina.com', '1992-10-02', NULL, '2018-11-01', '12', 'aktif', '30189591'),
('755196', 'Erza Handi Satyawan', 'erza.satyawan@pertamina.com', '1992-07-22', NULL, '2018-11-01', '12', 'aktif', '30189325'),
('755203', 'Faris', 'faris@pertamina.com', '1990-12-13', NULL, '2018-11-01', '12', 'aktif', '30189800'),
('755205', 'Fauzan Putradi', 'fauzan.putradi@pertamina.com', '1992-12-07', NULL, '2018-11-01', '12', 'aktif', '30189635'),
('755208', 'Firanza Fadilla', 'firanza.fadilla@pertamina.com', '1996-02-09', NULL, '2018-11-01', '12', 'aktif', '30189616'),
('755214', 'Hanif Fauzan Prasetyo', 'hanif.prasetyo@pertamina.com', '1994-11-19', NULL, '2018-11-01', '12', 'aktif', '30189486'),
('755216', 'Harkam Riyantoko', 'harkam.riyantoko@pertamina.com', '1990-06-07', NULL, '2018-11-01', '12', 'aktif', '30189492'),
('755222', 'Imam Fitriatno', 'imam.fitriatno@pertamina.com', '1992-04-12', NULL, '2018-11-01', '12', 'aktif', '30189485'),
('755232', 'Mahesa Hidayat', 'mahesa.hidayat@pertamina.com', '1993-05-23', NULL, '2018-11-01', '12', 'aktif', '30189781'),
('755236', 'Muchammad Imam Surya Wija', 'muchammad.wijaya@pertamina.com', '1994-04-15', NULL, '2018-11-01', '12', 'aktif', '30189342'),
('755239', 'Muhammad Azzamul Haq', 'muh.azzamul@pertamina.com', '1994-09-11', NULL, '2018-11-01', '12', 'aktif', '30189277'),
('755249', 'Okthavianus Bayu Pamungka', 'okthavianus.p@pertamina.com', '1993-10-23', NULL, '2018-11-01', '12', 'aktif', '30189841'),
('755411', 'Agna Eria Denta', 'agna.denta@pertamina.com', '1993-10-28', NULL, '2019-01-18', '12', 'aktif', '30189373'),
('755420', 'Azam Akbar Hawariy', 'azam.hawariy@pertamina.com', '1994-12-14', NULL, '2019-01-18', '12', 'aktif', '30189450'),
('755421', 'Bakti Setyo Prajanto', 'bakti.prajanto@pertamina.com', '1991-04-14', NULL, '2019-01-18', '12', 'aktif', '30189836'),
('755443', 'Mohammad Agung Afrizal', 'mohammad.afrizal@pertamina.com', '1992-04-24', NULL, '2019-01-18', '12', 'aktif', '30189369'),
('755444', 'Mohammad Raldi', 'mohammad.raldi@pertamina.com', '1995-05-20', NULL, '2019-01-18', '12', 'aktif', '30189833'),
('755450', 'Peter Lewis Hamonangan Pa', 'peter.panjaitan@pertamina.com', '1991-08-27', NULL, '2019-01-18', '12', 'aktif', '30189774'),
('755452', 'Raditya Reviandi Soerja D', 'raditya.djanegara@pertamina.com', '1992-10-25', NULL, '2019-01-18', '12', 'aktif', '30189423'),
('755457', 'Rizkia Arifani Zain', 'rizkia.zain@pertamina.com', '1994-06-28', NULL, '2019-01-18', '12', 'aktif', '30189777'),
('755509', 'Fajar Herlandya Sagara', 'fajar.herlandya@pertamina.com', '1993-07-08', NULL, '2019-01-18', '12', 'aktif', '30155955'),
('755974', 'Brilyan Adam Miranata', 'brilyan.miranata@pertamina.com', '1996-10-29', NULL, '2019-05-01', '10', 'aktif', '30189516'),
('755977', 'Dichy Rizal Setyawan', 'dichy.setyawan@pertamina.com', '1996-09-17', NULL, '2019-05-01', '10', 'aktif', '30189315'),
('755984', 'Agus Al Tantowy', 'agus.tantowy@pertamina.com', '1995-03-28', NULL, '2019-05-01', '10', 'aktif', '30189270'),
('755990', 'Eko Adi Prasetyo', 'eko.prasetyo4@pertamina.com', '1996-05-23', NULL, '2019-05-01', '10', 'aktif', '30189670'),
('755992', 'Lalu Gilang Priatna', 'lalu.priatna@pertamina.com', '1995-05-20', NULL, '2019-05-01', '10', 'aktif', '30189752'),
('755993', 'Mohammad Bagus Prasetyo', 'mohammad.bagus@pertamina.com', '1995-07-06', NULL, '2019-05-01', '10', 'aktif', '30189285'),
('756011', 'Putu Gede Ananda Surya Pr', 'putu.pratama@pertamina.com', '1995-03-25', NULL, '2019-05-01', '10', 'aktif', '30189313'),
('756024', 'Ridho Hardiyanto', 'ridho.hardiyanto@pertamina.com', '1994-04-02', NULL, '2019-05-01', '10', 'aktif', '30189364'),
('756035', 'Satria Viraka Adhitama', 'satria.adhitama@pertamina.com', '1994-09-22', NULL, '2019-05-01', '10', 'aktif', '30189577'),
('756044', 'Unggul Sapta Perdana', 'unggul.perdana@pertamina.com', '1995-07-27', NULL, '2019-05-01', '10', 'aktif', '30189842'),
('756050', 'Rijal Faqih Nazala', 'rijal.nazala@pertamina.com', '1997-08-27', NULL, '2019-05-01', '10', 'aktif', '30189838'),
('756052', 'Wildan Andaru', 'wildan.andaru@pertamina.com', '1994-04-15', NULL, '2019-05-01', '10', 'aktif', '30189351'),
('756061', 'Febryan Bimantara Putra', 'febryan.putra@pertamina.com', '1997-02-11', NULL, '2019-05-01', '10', 'aktif', '30189498'),
('756069', 'Agus Hendroyono', 'agus.hendroyono@pertamina.com', '1992-08-04', NULL, '2019-05-01', '10', 'aktif', '30189758'),
('756083', 'Nugroho Tri Hutomo', 'nugroho.hutomo@pertamina.com', '1995-09-26', NULL, '2019-05-01', '10', 'aktif', '30189704'),
('756091', 'Rifqi Bagus Wicaksono', 'rifqi.wicaksono@pertamina.com', '1994-11-08', NULL, '2019-05-01', '10', 'aktif', '30189358'),
('756092', 'Muhammad Iqbal Firdaus', 'muhammad.firdaus3@pertamina.com', '1996-09-30', NULL, '2019-05-01', '10', 'aktif', '30189314'),
('756102', 'Nur Nalindra Putra', 'nur.putra@pertamina.com', '1993-05-14', NULL, '2019-05-01', '10', 'aktif', '30189580'),
('756110', 'Sandi Mawarnita Hemaningt', 'sandi.mawarnita@pertamina.com', '1993-12-20', NULL, '2019-05-01', '10', 'aktif', '30155731'),
('88003956', 'Rusminto Wahyudi', 'rusminto.wahyudi@pertamina.com', '1984-12-17', NULL, '1899-12-31', '15', 'aktif', '30151484'),
('88004555', 'Cahyono Agus Pujianto', 'cahyono.pujianto@pertamina.com', '1979-08-12', NULL, '1899-12-31', '16', 'aktif', '30165507'),
('88004796', 'Atep Rachman Efendi', 'atep.efendi@pertamina.com', '1966-04-26', NULL, '2019-08-01', '18', 'aktif', '30178863');

-- --------------------------------------------------------

--
-- Table structure for table `fungsi`
--

CREATE TABLE `fungsi` (
  `kbo` varchar(10) NOT NULL,
  `nama_fungsi` varchar(50) DEFAULT NULL
) ENGINE=InnoDB DEFAULT CHARSET=latin1;

--
-- Dumping data for table `fungsi`
--

INSERT INTO `fungsi` (`kbo`, `nama_fungsi`) VALUES
('F15400', 'MOR V (NON FORMASI Tugas Belajar)'),
('F15400A', 'MOR V (NON FORMASI REGION)'),
('F15437', 'S&D Region V (NON FORMASI PWT TNI POLRI)'),
('F5000', 'MOR V (NON FORMASI PWT)'),
('H12250', 'Finance MOR V'),
('H36300', 'IT MOR V'),
('I03125', 'Procurement MOR V'),
('I20140', 'Asset Operation MOR V'),
('J001A0', 'Internal Audit Jatimbalinus'),
('K00157', 'Medical Jatim Balinus'),
('K24330', 'Unit HC MOR V'),
('M00350', 'Legal Counsul MOR V'),
('N00060', 'Corporate Secretary'),
('N00310', 'Corporate Secretary'),
('Q25000', 'MOR V'),
('Q25010', 'Corporate Sales Region V'),
('Q25011', 'Corporate Sales Region V'),
('Q25012', 'Corporate Sales Region V'),
('Q25020', 'Corporate Operation & Service Region V'),
('Q25021', 'Corporate Operation & Service Region V'),
('Q25022', 'Corporate Operation & Service Region V'),
('Q25023', 'Corporate Operation & Service Region V'),
('Q25024', 'Corporate Operation & Service Region V'),
('Q25025', 'Corporate Operation & Service Region V'),
('Q25026', 'Corporate Operation & Service Region V'),
('Q25030', 'Retail Sales Region V'),
('Q25031', 'Retail Sales Region V'),
('Q25032', 'Retail Sales Region V'),
('Q25033', 'Retail Sales Region V'),
('Q25034', 'Retail Sales Region V'),
('Q25035', 'Retail Sales Region V'),
('Q25036', 'Retail Sales Region V'),
('Q25040', 'S&D Region V'),
('Q25041', 'S&D Region V'),
('Q25042', 'S&D Region V'),
('Q25043', 'S&D Region V'),
('Q25044', 'S&D Region V'),
('Q25045', 'S&D Region V'),
('Q25046', 'S&D Region V'),
('Q25047', 'S&D Region V'),
('Q25048', 'S&D Region V'),
('Q25049', 'S&D Region V'),
('Q2504A', 'S&D Region V'),
('Q2504B', 'S&D Region V'),
('Q2504C', 'S&D Region V'),
('Q2504D', 'S&D Region V'),
('Q2504E', 'S&D Region V'),
('Q2504F', 'S&D Region V'),
('Q2504G', 'S&D Region V'),
('Q2504H', 'S&D Region V'),
('Q2504I', 'S&D Region V'),
('Q25050', 'Rel. & Project Dev. Region V'),
('Q25060', 'HSSE Region V'),
('Q25070', 'Marine Region V'),
('Q25071', 'Marine Region V'),
('Q25072', 'Marine Region V'),
('Q25073', 'Marine Region V'),
('Q25074', 'Marine Region V'),
('Q25075', 'Marine Region V'),
('Q25076', 'Marine Region V'),
('Q25077', 'Marine Region V'),
('Q25078', 'Marine Region V'),
('Q25079', 'Marine Region V'),
('Q2507A', 'Marine Region V'),
('Q2507B', 'Marine Region V'),
('Q2507C', 'Marine Region V'),
('Q2507D', 'Marine Region V'),
('Q2507E', 'Marine Region V'),
('Q2507F', 'Marine Region V'),
('Q2507G', 'Marine Region V'),
('R00140', 'Quality Management'),
('S00210', 'Geosecurity Intelligence'),
('S00220', 'Geosecurity Intelligence');

-- --------------------------------------------------------

--
-- Table structure for table `master_pelatihan_sertifikasi`
--

CREATE TABLE `master_pelatihan_sertifikasi` (
  `kode` varchar(10) NOT NULL,
  `judul` text DEFAULT NULL
) ENGINE=InnoDB DEFAULT CHARSET=latin1;

--
-- Dumping data for table `master_pelatihan_sertifikasi`
--

INSERT INTO `master_pelatihan_sertifikasi` (`kode`, `judul`) VALUES
('52Y001', 'Able Seafarer Deck'),
('52Y002', 'Able Seafarer Engine'),
('52Y003', 'Advanced Fire Fighting'),
('52Y004', 'Advanced Training for Chemical Tanker Cargo Operations Programme'),
('52Y005', 'Advanced Training for Liquefied Gas Tanker Cargo Operations Programme'),
('52Y006', 'Advanced Training for Oil Tanker Cargo Operations Programme'),
('52Y007', 'ARPA Simulator Training Programme'),
('52Y008', 'Basic for Liquefied Gas Tanker Cargo Operations Programme'),
('52Y009', 'Basic for Oil and Chemical Tanker Cargo Operations Programme'),
('52Y010', 'Basic Safety Training'),
('52Y011', 'Bridge Resource Management Training Programme'),
('52Y012', 'Crisis Management And Human Behavior Training Programme'),
('52Y013', 'Crowd Management Training Programme'),
('52Y014', 'Dangerous, Hazardous & Harmful Cargoes (IMDG Code) Training Programme'),
('52Y015', 'Deck Officer Class V Training Programme'),
('52Y016', 'Engine Resource Management Training Programme'),
('52Y017', 'Engineer Officer Class V Training Program me'),
('52Y018', 'GOC for GMDSS Training Programme'),
('52Y019', 'Maritime English Training Programme'),
('52Y020', 'Medical Care on Board Ship Training Programme'),
('52Y021', 'Medical First Aid Training Programme'),
('52Y022', 'Operational Use of ECDIS Training Programme'),
('52Y023', 'Proficiency in Fast Rescue Boats Training Programme'),
('52Y024', 'Proficiency in Survival Craft and Rescue Boat Training Programme'),
('52Y025', 'Radar Simulator Training Programme'),
('52Y026', 'Rating Forming Part of A Navigation Watch'),
('52Y027', 'Rating Forming Part of An Engine Watch'),
('52Y028', 'ROC for GMDSS Training Programme'),
('52Y029', 'Security Awareness Training'),
('52Y030', 'Security Training for Seafarer with Designated Security Duties Programme'),
('52Y031', 'Ship Security Officer Training Programme'),
('52Y032', 'Manajemen Energi Pada Industri'),
('52Y033', 'Pengelolaan Limbah Bahan Berbahaya dan Beracun'),
('52Y034', 'Pemuka Aviation'),
('52Y035', 'Industri Minyak dan Gas Bumi serta Panas Bumi'),
('52Y036', 'Pengendalian Pencemaran Air'),
('52Y037', 'Penanggulangan Pencemaran Tingkat I'),
('52Y038', 'Keselamatan dan Kesehatan Kerja Industri Migas'),
('52Y039', 'Penanganan dan Pengawasan Mutu Bahan Bakar Minyak dan Pelumas Penerbangan'),
('52Y040', 'Laboratorium Pengujian Migas'),
('52Y041', 'Kehumasan'),
('5A1X001', 'Oil Trading Orientation for non-Trader'),
('5B1X001', 'Arus Gas Korporat'),
('5B1X003', 'LPG Operation'),
('5B1Y002', 'Loading Master (BBM) Certified'),
('5B1Y005', 'STTK Aviasi Tipe A'),
('5B1Y006', 'STTK Aviasi Tipe B'),
('5B1Y007', 'STTK Aviasi Tipe C'),
('5B2X004', 'PCCD (Program Competency & Capability Development) TBBM'),
('5B2X009', 'Pertamina Aviation Competence Education (PACE)'),
('5B2X010', 'LPG Downstream Operation & Marketing Excellence'),
('5B2Y008', 'SKOP2PDU/RDt (Refuelling Deruelling Truck) License'),
('5C2X001', 'Advanced Promotion Management'),
('5C2X002', 'Strategic Account Management'),
('5C2X003', 'Fundamental Market Analysis'),
('5C2X004', 'Integrated Channel Management'),
('5D2X001', 'Basic Commercial Practice in Tonnage and Bunker Planning'),
('5D2X002', 'Shipping Management'),
('5D2X003', 'Contractual Aspects on Shipping Commercial'),
('5D2X004', 'Docking Management'),
('5E2X001', 'SPM Operation & Maintenance Level Basic'),
('5E2X002', 'Marine Terminal & Self assesment'),
('8BX001', 'HSE Management System'),
('8BX002', 'Behaviour Based Safety'),
('8BX003', 'Loss Control Management'),
('8BX006', 'Gas Safety Inspector / Safety Inspector / Ahli Teknik'),
('8BX009', 'Risk Assessment & Jsa Workshop'),
('8BX014', 'Fire & Rescue'),
('8BX015', 'Fire Prevention & Protection'),
('8BX018', 'Emergency Response Team'),
('8BX019', 'Confined Space Entry & Rescue'),
('8BX020', 'Pengelolaan Limbah B3 & Limbah Padat Non B3'),
('8BX021', 'Penanggungjawab Pengendalian Pencemaran Air (PPPA)'),
('8BX022', 'Penanggungjawab Pengendalian Pencemaran Udara (PPPU)'),
('8BX023', 'Dasar-dasar Audit & Konservasi Energi'),
('8BX024', 'Basic Sea Survival'),
('8BX026', 'Working at Height Rescue'),
('8BX027', 'LPG Lodaing Master'),
('8BX028', 'First Aid Level Two'),
('8BX029', 'Lead Auditor Sistem Manajemen Pengamanan'),
('8BX030', 'Teknis Auditor Teknis Energi pada Industri'),
('8BX031', 'K3 P3K'),
('8BX032', 'Bimbingan Praktis Ahli Direktorat Pemasaran'),
('8BX033', 'Pembinaan Pengawasan Norma Keselamatan dan Kesehatan Kerja');

-- --------------------------------------------------------

--
-- Table structure for table `pelatihan_sertifikasi`
--

CREATE TABLE `pelatihan_sertifikasi` (
  `no_sertifikat` varchar(50) NOT NULL,
  `nopeg` varchar(10) DEFAULT NULL,
  `start_date` date DEFAULT NULL,
  `expired_date` date DEFAULT NULL,
  `kode` varchar(10) DEFAULT NULL,
  `file_name` text DEFAULT NULL
) ENGINE=InnoDB DEFAULT CHARSET=latin1;

--
-- Dumping data for table `pelatihan_sertifikasi`
--

INSERT INTO `pelatihan_sertifikasi` (`no_sertifikat`, `nopeg`, `start_date`, `expired_date`, `kode`, `file_name`) VALUES
('00123/LM-LPG/PMTC/II/2019', '754175', '2019-02-21', NULL, '8BX027', NULL),
('00124/LM-LPG/PMTC/II/2019', '753832', '2019-02-21', NULL, '8BX027', NULL),
('00126/LM-LPG/PMTC/II/2019', '754547', '2019-02-21', NULL, '8BX027', NULL),
('00146/OSR-1/PMTC/VIII/2018', '748593', '2018-09-13', '2023-09-13', '52Y037', NULL),
('01032', '745904', '2018-05-15', NULL, '8BX029', NULL),
('012/S-PLB3/III/2019', '754173', '2019-03-29', NULL, '52Y033', NULL),
('016/S-PLB3/III/2019', '752397', '2019-03-29', NULL, '52Y033', NULL),
('07020.1234.000685.2019', '744873', '2019-02-28', '2022-02-28', '52Y041', NULL),
('0801.Srt/Ind/BPM/2018', '750591', '2018-07-07', NULL, '5B1Y006', NULL),
('0802.Srt/Ind/BPM/2018', '715451', '2018-07-07', NULL, '5B1Y006', NULL),
('0805.Srt/Ind/BPM/2018', '745676', '2018-07-07', NULL, '5B1Y006', NULL),
('0807.Srt/Ind/BPM/2018', '745921', '2018-07-07', NULL, '5B1Y006', NULL),
('0812.Srt/Ind/BPM/2018', '752137', '2018-07-07', NULL, '5B1Y006', NULL),
('0814.Srt/Ind/BPM/2018', '754160', '2018-07-07', NULL, '5B1Y006', NULL),
('0816.Srt/Ind/BPM/2018', '745693', '2018-07-07', NULL, '5B1Y006', NULL),
('0821.Srt/Ind/BPM/2018', '744986', '2018-07-07', NULL, '5B1Y006', NULL),
('09100 3117 0002806 2019', '679756', '2019-05-24', '2022-05-24', '52Y035', NULL),
('09100 3117 0002807 2019', '745954', '2019-05-24', '2022-05-24', '52Y035', NULL),
('09100 3117 0002833 2019', '750134', '2019-05-24', '2022-05-24', '52Y035', NULL),
('09100 3117 0002844 2019', '744980', '2019-05-24', '2022-05-24', '52Y035', NULL),
('09100 3117 0002845 2019', '745925', '2019-05-24', '2022-05-24', '52Y035', NULL),
('09100 3117 0002855 2019', '744986', '2019-05-24', '2022-05-24', '52Y035', NULL),
('100.Stf/60.04/BPS/2019', '756092', '2019-01-05', NULL, '8BX032', NULL),
('109.Stf/60.04/BPS/2019', '756083', '2019-01-05', NULL, '8BX032', NULL),
('116.Stf/60.04/BPS/2019', '756011', '2019-01-05', NULL, '8BX032', NULL),
('121.Stf/60.04/BPS/2019', '756024', '2019-01-05', NULL, '8BX032', NULL),
('123.Stf/60.04/BPS/2019', '756091', '2019-01-05', NULL, '8BX032', NULL),
('124.Stf/60.04/BPS/2019', '756050', '2019-01-05', NULL, '8BX032', NULL),
('130.Stf/60.04/BPS/2019', '756035', '2019-01-05', NULL, '8BX032', NULL),
('143.Stf/60.04/BPS/2019', '756044', '2019-01-05', NULL, '8BX032', NULL),
('146.Stf/60.04/BPS/2019', '756052', '2019-01-05', NULL, '8BX032', NULL),
('1902.Srt/Ind/BPM/2018', '729416', '2018-10-27', NULL, '5B1Y006', NULL),
('1926.Srt/Ind/BPM/2018', '752154', '2018-10-27', NULL, '5B1Y006', NULL),
('27.Stf/60.04/BPS/2019', '755984', '2019-01-05', NULL, '8BX032', NULL),
('28.Stf/60.04/BPS/2019', '756069', '2019-01-05', NULL, '8BX032', NULL),
('36999 2149 4 0004396 2018', '754255', '2018-10-01', '2023-10-01', '52Y032', NULL),
('36999 2149 4 0004403 2018', '750586', '2018-10-01', '2023-10-01', '52Y032', NULL),
('36999 2149 5 0004407 2018', '753331', '2018-10-01', '2023-10-01', '52Y032', NULL),
('37000 2133 0000346 2018', '753830', '2018-11-06', '2021-11-06', '52Y036', NULL),
('38220 1321.01 0000658 2019', '750125', '2019-03-20', '2022-03-20', '52Y033', NULL),
('38220 1321.01 0000663 2019', '754088', '2019-03-20', '2022-03-20', '52Y033', NULL),
('38220 1321.01 0000667 2019', '752413', '2019-03-20', '2022-03-20', '52Y033', NULL),
('38220 1321.01 0000675 2019', '745932', '2019-03-20', '2022-03-20', '52Y033', NULL),
('38220 1321.01 0000865 2019', '754173', '2019-04-09', '2022-04-09', '52Y033', NULL),
('38220 1321.01 0000869 2019', '752397', '2019-04-09', '2022-04-09', '52Y033', NULL),
('38220 2133 0000402 2018', '752436', '2018-11-13', '2021-11-13', '52Y033', NULL),
('4459195', '754254', '2019-04-24', '2022-04-24', '52Y038', NULL),
('4517694', '755214', '2019-05-24', '2022-05-24', '52Y035', NULL),
('4517698', '755222', '2019-05-24', '2022-05-24', '52Y035', NULL),
('4517701', '755177', '2019-05-24', '2022-05-24', '52Y035', NULL),
('4517763', '754257', '2019-05-24', '2022-05-24', '52Y038', NULL),
('4517765', '749923', '2019-05-24', '2022-05-24', '52Y038', NULL),
('4517768', '748192', '2019-05-24', '2022-05-24', '52Y038', NULL),
('4517771', '754433', '2019-05-24', '2022-05-24', '52Y038', NULL),
('4517772', '752436', '2019-05-24', '2022-05-24', '52Y038', NULL),
('47.Stf/60.04/BPS/2019', '755974', '2019-01-05', NULL, '8BX032', NULL),
('53.Stf/60.04/BPS/2019', '755977', '2019-01-05', NULL, '8BX032', NULL),
('5984.Stf/65.04/BPS/2018', '749422', '2018-07-05', NULL, '8BX030', NULL),
('5999.Stf/65.04/BPS/2018', '749399', '2018-07-05', NULL, '8BX030', NULL),
('6.002034.18', '752154', '2018-10-31', '2022-10-31', '52Y034', NULL),
('6.002035.18', '729416', '2018-10-31', '2022-10-31', '52Y034', NULL),
('60.Stf/60.04/BPS/2019', '755990', '2019-01-05', NULL, '8BX032', NULL),
('61.001094.18', '753830', '2018-10-19', '2022-10-19', '52Y039', NULL),
('61.001107.18', '753828', '2018-10-19', '2022-10-19', '52Y039', NULL),
('62.001270.18', '750591', '2018-07-11', '2022-07-11', '52Y034', NULL),
('62.001271.18', '715451', '2018-07-11', '2022-07-11', '52Y034', NULL),
('62.001274.18', '745676', '2018-07-11', '2022-07-11', '52Y034', NULL),
('62.001276.18', '745921', '2018-07-11', '2022-07-11', '52Y034', NULL),
('62.001281.18', '752137', '2018-07-11', '2022-07-11', '52Y034', NULL),
('62.001283.18', '754160', '2018-07-11', '2022-07-11', '52Y034', NULL),
('62.001285.18', '745693', '2018-07-11', '2022-07-11', '52Y034', NULL),
('62.001290.18', '744986', '2018-07-11', '2022-07-11', '52Y034', NULL),
('62.001295.18', '751055', '2018-09-05', '2022-09-05', '52Y039', NULL),
('62.001298.18', '752066', '2018-09-05', '2022-09-05', '52Y039', NULL),
('62.001313.18', '729416', '2018-10-31', '2022-10-31', '52Y034', NULL),
('62.001337.18', '752154', '2018-10-31', '2022-10-31', '52Y034', NULL),
('621.000007.18', '752064', '2018-11-28', '2022-11-28', '52Y039', NULL),
('621.000011.18', '736309', '2018-11-28', '2022-11-28', '52Y039', NULL),
('622.001341.18', '752128', '2018-11-28', '2022-11-28', '52Y039', NULL),
('68.Stf/60.04/BPS/2019', '756061', '2019-01-05', NULL, '8BX032', NULL),
('81.001424.18', '752345', '2018-11-16', '2022-11-16', '52Y040', NULL),
('81.001425.18', '745911', '2018-11-16', '2022-11-16', '52Y040', NULL),
('81.001428.18', '745920', '2018-11-16', '2022-11-16', '52Y040', NULL),
('81.001429.18', '744996', '2018-11-16', '2022-11-16', '52Y040', NULL),
('81.001431.18', '745938', '2018-11-16', '2022-11-16', '52Y040', NULL),
('87.Stf/60.04/BPS/2019', '755992', '2019-01-05', NULL, '8BX032', NULL),
('91122 2149 0 0003428 2018', '749399', '2018-07-09', '2023-07-09', '52Y032', NULL),
('91122 2149 0 0003436 2018', '749422', '2018-07-09', '2023-07-09', '52Y032', NULL),
('91122 2149 0 0004100 2018', '750125', '2018-10-08', '2023-10-08', '52Y032', NULL),
('91122 2149 0 0004115 2018', '750161', '2018-10-08', '2023-10-08', '52Y032', NULL),
('92.Stf/60.04/BPS/2019', '755993', '2019-01-05', NULL, '8BX032', NULL),
('C 0038509', '751621', '2018-10-23', '2020-10-23', '8BX028', NULL),
('C 0038510', '754433', '2018-10-23', '2020-10-23', '8BX028', NULL),
('C 0038511', '754440', '2018-10-23', '2020-10-23', '8BX028', NULL),
('C 0038512', '752413', '2018-10-23', '2020-10-23', '8BX028', NULL),
('C 0038513', '754088', '2018-10-23', '2020-10-23', '8BX028', NULL),
('C 0038515', '744983', '2018-10-23', '2020-10-23', '8BX028', NULL),
('C 0038516', '749923', '2018-10-23', '2020-10-23', '8BX028', NULL),
('C 0038517', '750146', '2018-10-23', '2020-10-23', '8BX028', NULL),
('C 0038518', '749883', '2018-10-23', '2020-10-23', '8BX028', NULL),
('C 0038519', '751594', '2018-10-23', '2020-10-23', '8BX028', NULL),
('C 0038520', '750872', '2018-10-23', '2020-10-23', '8BX028', NULL),
('C 0038522', '745947', '2018-10-23', '2020-10-23', '8BX028', NULL),
('C0038509', '751621', '2018-10-23', '2020-10-23', '8BX028', NULL),
('C0038510', '754433', '2018-10-23', '2020-10-23', '8BX028', NULL),
('C0038511', '754440', '2018-10-23', '2020-10-23', '8BX028', NULL),
('C0038512', '752413', '2018-10-23', '2020-10-23', '8BX028', NULL),
('C0038513', '754088', '2018-10-23', '2020-10-23', '8BX028', NULL),
('C0038515', '744983', '2018-10-23', '2020-10-23', '8BX028', NULL),
('C0038516', '749923', '2018-10-23', '2020-10-23', '8BX028', NULL),
('C0038517', '750146', '2018-10-23', '2020-10-23', '8BX028', NULL),
('C0038518', '749883', '2018-10-23', '2020-10-23', '8BX028', NULL),
('C0038519', '751594', '2018-10-23', '2020-10-23', '8BX028', NULL),
('C0038520', '750872', '2018-10-23', '2020-10-23', '8BX028', NULL),
('C0038521', '750869', '2018-10-23', '2020-10-23', '8BX028', NULL),
('C0038522', '745947', '2018-10-23', '2020-10-23', '8BX028', NULL),
('Ser.18.3686/AK3/U/V/2019', '750586', '2019-05-10', NULL, '8BX033', NULL),
('Ser.18.3687/AK3/U/V/2019', '749883', '2019-05-10', NULL, '8BX033', NULL),
('Ser.18.3691/AK3/U/V/2019', '745913', '2019-05-10', NULL, '8BX033', NULL),
('Ser.18.3692/AK3/U/V/2019', '745917', '2019-05-10', NULL, '8BX033', NULL),
('Ser.18.3693/AK3/U/V/2019', '749404', '2019-05-10', NULL, '8BX033', NULL),
('Ser.18.3695/AK3/U/V/2019', '748187', '2019-05-10', NULL, '8BX033', NULL),
('Ser.18.3696/AK3/U/V/2019', '752397', '2019-05-10', NULL, '8BX033', NULL),
('Ser.18.3698/AK3/U/V/2019', '753826', '2019-05-10', NULL, '8BX033', NULL),
('Ser.18.3699/AK3/U/V/2019', '752347', '2019-05-10', NULL, '8BX033', NULL),
('Ser.18.3700/AK3/U/V/2019', '749419', '2019-05-10', NULL, '8BX033', NULL),
('Ser.18.3701/AK3/U/V/2019', '751621', '2019-05-10', NULL, '8BX033', NULL),
('Ser.18.3702/AK3/U/V/2019', '753827', '2019-05-10', NULL, '8BX033', NULL),
('Ser.18.3703/AK3/U/V/2019', '752464', '2019-05-10', NULL, '8BX033', NULL),
('Ser.9692/PK3-K3K/XII/2018', '751621', '2018-12-10', NULL, '8BX031', NULL),
('Ser.9693/PK3-K3K/XII/2018', '754433', '2018-12-10', NULL, '8BX031', NULL),
('Ser.9694/PK3-K3K/XII/2018', '754440', '2018-12-10', NULL, '8BX031', NULL),
('Ser.9695/PK3-K3K/XII/2018', '752413', '2018-12-10', NULL, '8BX031', NULL),
('Ser.9696/PK3-K3K/XII/2018', '754088', '2018-12-10', NULL, '8BX031', NULL),
('Ser.9698/PK3-K3K/XII/2018', '744983', '2018-12-10', NULL, '8BX031', NULL),
('Ser.9699/PK3-K3K/XII/2018', '749923', '2018-12-10', NULL, '8BX031', NULL),
('Ser.9700/PK3-K3K/XII/2018', '750146', '2018-12-10', NULL, '8BX031', NULL),
('Ser.9701/PK3-K3K/XII/2018', '749883', '2018-12-10', NULL, '8BX031', NULL),
('Ser.9702/PK3-K3K/XII/2018', '751594', '2018-12-10', NULL, '8BX031', NULL),
('Ser.9703/PK3-K3K/XII/2018', '750872', '2018-12-10', NULL, '8BX031', NULL),
('Ser.9704/PK3-K3K/XII/2018', '750869', '2018-12-10', NULL, '8BX031', NULL),
('Ser.9705/PK3-K3K/XII/2018', '745947', '2018-12-10', NULL, '8BX031', NULL);

-- --------------------------------------------------------

--
-- Table structure for table `posisi`
--

CREATE TABLE `posisi` (
  `id_position` varchar(20) NOT NULL,
  `position` varchar(50) DEFAULT NULL,
  `prl` varchar(20) DEFAULT NULL,
  `kbo` varchar(10) DEFAULT NULL,
  `kode_cc` varchar(15) DEFAULT NULL
) ENGINE=InnoDB DEFAULT CHARSET=latin1;

--
-- Dumping data for table `posisi`
--

INSERT INTO `posisi` (`id_position`, `position`, `prl`, `kbo`, `kode_cc`) VALUES
('30096379', 'GM Marketing Operation Region V', '23', 'Q25000', 'A0801092'),
('30103527', 'Staf Utama Diperbantukan', NULL, 'F15400', 'A0801092'),
('30116913', 'Staf Utama Diperbantukan', NULL, 'F5000', 'A0801092'),
('30117328', 'Manager IT MOR V - Surabaya Unit', '19', 'H36300', 'A1503046'),
('30117329', 'Ast Manager Business Operation & Tech', '17', 'H36300', 'A1503046'),
('30117330', 'Officer Business Support  Operations', '15', 'H36300', 'A1503046'),
('30117331', 'Asisstant Data Center Ops & Automation', '13', 'H36300', 'A1503046'),
('30117332', 'Asisstant Business Support Operations', '12', 'H36300', 'A1503046'),
('30117333', 'Jr Asisstant Comp Dev & Creative Tech', '11', 'H36300', 'A1503046'),
('30117334', 'Ast Mgr Buss Supp&Infrastructure Tech', '16', 'H36300', 'A1503046'),
('30117335', 'Officer Network & System Support', '14', 'H36300', 'A1503046'),
('30117336', 'Asisstant Fixed & Mobile Comm Ops', '12', 'H36300', 'A1503046'),
('30117337', 'Jr Asisstant Fixed & Mobile Comm Ops', '10', 'H36300', 'A1503046'),
('30117338', 'Officer Timur Leste Business Support', '14', 'H36300', 'A1503046'),
('30117339', 'Officer Planning, Budgeting,& Charging', '15', 'H36300', 'A1503046'),
('30151182', NULL, NULL, NULL, NULL),
('30151480', 'Unit Manager Comm, Rel, & CSR MOR V', '18', 'N00060', 'A1504040'),
('30151481', 'Section Head Communication & Relations', '16', 'N00060', 'A1504040'),
('30151482', 'Officer Communication & Relations', '14', 'N00060', 'A1504040'),
('30151483', 'Jr Officer Communication & Relations', '12', 'N00060', 'A1504040'),
('30151484', 'Sr Spv CSR & SMEPP', '15', 'N00060', 'A1504040'),
('30151485', 'Jr Officer CSR & SMEPP', '13', 'N00060', 'A1504040'),
('30151486', 'Jr Assistant CSR & SMEPP', '10', 'N00060', 'A1504040'),
('30151681', 'Jr Assistant Finance JatimBaliNus', '11', 'N00310', 'A1504034'),
('30152810', 'Unit Manager Asset Operation MOR V', '18', 'I20140', 'A1503192'),
('30155728', 'Section Head General Services', '16', 'I20140', 'A1503192'),
('30155729', 'Officer General Services', '14', 'I20140', 'A1503192'),
('30155730', 'Administrator II General Services', '11', 'I20140', 'A1503192'),
('30155731', 'Administrator I General Services', '10', 'I20140', 'A1503192'),
('30155732', 'Sr Spv Optimization & Land Affairs', '15', 'I20140', 'A1503192'),
('30155733', 'Jr Officer Land Affairs & Divestment', '13', 'I20140', 'A1503192'),
('30155734', 'Jr Officer Land Affairs & Divestment', '13', 'I20140', 'A1503192'),
('30155735', 'Jr Officer Optimization & Invoicing', '12', 'I20140', 'A1503192'),
('30155952', 'Section Head Procurement MOR V', '17', 'I03125', 'A1520029'),
('30155953', 'Officer Procurement', '15', 'I03125', 'A1520029'),
('30155954', 'Jr Officer Procurement', '13', 'I03125', 'A1520029'),
('30155955', 'Jr Officer Material Receiving', '12', 'I03125', 'A1520029'),
('30155956', 'Jr Officer Contract & Administration', '13', 'I03125', 'A1520029'),
('30155957', 'Jr Assistant Procurement Support', '11', 'I03125', 'A1520029'),
('30164656', 'Jr Officer Security TNI/POLRI', NULL, 'F15437', 'A0903312'),
('30164982', 'Manager Internal Audit Jatimbalinus', '19', 'J001A0', 'A1505062'),
('30164983', 'Sr Auditor II IA Jatimbalinus', '17', 'J001A0', 'A1505062'),
('30164984', 'Auditor II IA Jatimbalinus', '15', 'J001A0', 'A1505062'),
('30164985', 'Jr Auditor II IA Jatimbalinus', '13', 'J001A0', 'A1505062'),
('30164986', 'Jr Auditor I IA Jatimbalinus', '12', 'J001A0', 'A1505062'),
('30165506', 'Manager Finance MOR V', '19', 'H12250', 'A1502246'),
('30165507', 'Ast Manager Accounting & Reporting', '17', 'H12250', 'A1502246'),
('30165508', 'Jr Officer General Accounting', '13', 'H12250', 'A1502246'),
('30165509', 'Sr Supervisor Tax Accounting', '15', 'H12250', 'A1502246'),
('30165510', 'Jr Officer Government Related AR', '13', 'H12250', 'A1502246'),
('30165511', 'Jr Officer Government Related AR', '13', 'H12250', 'A1502246'),
('30165512', 'Officer Finance Depot Operation', '14', 'H12250', 'A1502246'),
('30165513', 'Ast Manager Finance Business Support', '18', 'H12250', 'A1502246'),
('30165514', 'Sr Supervisor Quantity Accounting', '15', 'H12250', 'A1502246'),
('30165515', 'Jr Officer I Fuel Quantity Accounting', '13', 'H12250', 'A1502246'),
('30165516', 'Jr Officer Non Fuel Quantity Accounting', '13', 'H12250', 'A1502246'),
('30165517', 'Jr Analyst Marketing Financial Performnc', '12', 'H12250', 'A1502246'),
('30165518', 'Officer Budget & Product Costing', '14', 'H12250', 'A1502246'),
('30178846', 'Sr Spv Jawabalinus Geo Intelligence', '15', 'S00210', 'A1503257'),
('30178863', 'Head Of Physical Geo Jawabalinus', '18', 'S00220', 'A1503041'),
('30180773', 'Area Man LC & Compl Jatimbalinus', '18', 'M00350', 'A1508026'),
('30180774', 'Sr Legal Counsel I Jatimbalinus', '16', 'M00350', 'A1508026'),
('30180775', 'Jr Legal Counsel II Jatimbalinus', '13', 'M00350', 'A1508026'),
('30180776', 'Jr Legal Counsel I Jatimbalinus', '12', 'M00350', 'A1508026'),
('30180777', 'Jr Officer Compliance Jatimbalinus', '13', 'M00350', 'A1508026'),
('30181493', 'Unit Manager HC MOR V', '19', 'K24330', 'A1503241'),
('30181494', 'Ast Manager HC Business Partner', '17', 'K24330', 'A1503241'),
('30181495', 'Officer HC Business Partner', '15', 'K24330', 'A1503241'),
('30181496', 'Jr Officer II HC Business Partner', '13', 'K24330', 'A1503241'),
('30181497', 'Jr Officer I HC Business Partner', '12', 'K24330', 'A1503241'),
('30181498', 'Ast Manager Workforce Services', '16', 'K24330', 'A1503241'),
('30181499', 'Officer Workforce Services', '14', 'K24330', 'A1503241'),
('30181500', 'Jr Officer Workforce Services', '12', 'K24330', 'A1503241'),
('30181501', 'Jr Assistant Workforce Services', '11', 'K24330', 'A1503241'),
('30182956', 'Sr Supervisor Quality Mgt&Perf.MOR V', '15', 'R00140', 'A0801064'),
('30182957', 'Jr Analyst Quality Mgt & Perform. MOR V', '12', 'R00140', 'A0801064'),
('30184513', 'Tugas Belajar', NULL, 'F15400', 'A1104001'),
('30184514', 'Tugas Belajar', NULL, 'F15400', 'A1104001'),
('30187383', 'Area Manager  Medical MOR V', '16', 'K00157', 'A1503105'),
('30187384', 'Officer  Health Medical MOR V', '14', 'K00157', 'A1503105'),
('30187385', 'Jr Officer Health Medical MOR V', '12', 'K00157', 'A1503105'),
('30189232', 'Region Manager Corporate Sales V', '21', 'Q25010', 'A0902038'),
('30189233', 'SAM Industry V', '19', 'Q25011', 'A0902018'),
('30189234', 'SBM Industry I', '15', 'Q25011', 'A0902018'),
('30189235', 'SBM Industry II', '13', 'Q25011', 'A0902018'),
('30189236', 'SBM Industry III', '14', 'Q25011', 'A0902018'),
('30189237', 'SBM Industry IV', '15', 'Q25011', 'A0902018'),
('30189238', 'SBM Industry V', '12', 'Q25011', 'A0902018'),
('30189239', 'SAM Petrochemical V', '18', 'Q25012', 'A1301017'),
('30189240', 'SBM Petrochemical I', '15', 'Q25012', 'A1301017'),
('30189241', 'SBM Petrochemical II', '14', 'Q25012', 'A1301017'),
('30189242', 'Ast Manager Cust. Care & Mkt. Supp.', '18', 'Q25010', 'A0902038'),
('30189243', 'Officer Marketing Comm,Stat&Budgeting', '15', 'Q25010', 'A0902038'),
('30189244', 'Officer Mktg. Intell & Cust. Care', '14', 'Q25010', 'A0902038'),
('30189245', 'Ast Manager Adm. & Sales Supp.', '17', 'Q25010', 'A0902038'),
('30189246', 'Officer Administration & Contract', '14', 'Q25010', 'A0902038'),
('30189247', 'Officer Commercial Billing Settlement', '15', 'Q25010', 'A0902038'),
('30189248', 'Officer Account Support I', '14', 'Q25010', 'A0902038'),
('30189249', 'Officer Account Support II', '14', 'Q25010', 'A0902038'),
('30189250', 'Region Manager Corp. Opt. & Serv. V', '20', 'Q25020', 'A1003001'),
('30189251', 'Ast Manager SC & QQ Assurance', '17', 'Q25020', 'A1003001'),
('30189252', 'Supervisor Supply Point Jatim', '12', 'Q25020', 'A1003011'),
('30189253', 'Officer Supply Chain', '15', 'Q25020', 'A1003001'),
('30189254', 'Ast Manager Op. Services, Maint. & Asset', '16', 'Q25020', 'A1003001'),
('30189255', 'Officer Operations Services', '14', 'Q25020', 'A1003001'),
('30189256', 'Operation Head DPPU Juanda', '17', 'Q25021', 'A1003002'),
('30189257', 'Sr Supervisor Rec. Sto. & Dist.', '15', 'Q25021', 'A1003002'),
('30189258', 'Spv Receiving & Storage Terminal 1', '13', 'Q25021', 'A1003002'),
('30189259', 'Spv Receiving & Storage Terminal 1', '13', 'Q25021', 'A1003002'),
('30189260', 'Spv Receiving & Storage Terminal 1', '13', 'Q25021', 'A1003002'),
('30189261', 'Spv Receiving & Storage Terminal 1', '13', 'Q25021', 'A1003002'),
('30189262', 'Jr Spv Receiving & Storage Terminal 1', '11', 'Q25021', 'A1003002'),
('30189263', 'Jr Spv Receiving & Storage Terminal 1', '11', 'Q25021', 'A1003002'),
('30189264', 'Jr Spv Receiving & Storage Terminal 1', '11', 'Q25021', 'A1003002'),
('30189265', 'Jr Spv Receiving & Storage Terminal 1', '11', 'Q25021', 'A1003002'),
('30189266', 'Spv Receiving & Storage Terminal 2', '13', 'Q25021', 'A1003002'),
('30189267', 'Spv Receiving & Storage Terminal 2', '13', 'Q25021', 'A1003002'),
('30189268', 'Spv Receiving & Storage Terminal 2', '13', 'Q25021', 'A1003002'),
('30189269', 'Spv Receiving & Storage Terminal 2', '13', 'Q25021', 'A1003002'),
('30189270', 'Jr Spv Receiving & Storage Terminal 2', '11', 'Q25021', 'A1003002'),
('30189271', 'Jr Spv Receiving & Storage Terminal 2', '11', 'Q25021', 'A1003002'),
('30189272', 'Jr Spv Receiving & Storage Terminal 2', '11', 'Q25021', 'A1003002'),
('30189273', 'Jr Spv Receiving & Storage Terminal 2', '11', 'Q25021', 'A1003002'),
('30189274', 'Jr Supervisor Avgas Filling Plant', '11', 'Q25021', 'A1003002'),
('30189275', 'Supervisor Refueling', '12', 'Q25021', 'A1003002'),
('30189276', 'Supervisor Refueling', '12', 'Q25021', 'A1003002'),
('30189277', 'Supervisor Refueling', '12', 'Q25021', 'A1003002'),
('30189278', 'Supervisor Refueling', '12', 'Q25021', 'A1003002'),
('30189279', 'Jr Supervisor Refueling', '10', 'Q25021', 'A1003002'),
('30189280', 'Jr Supervisor Refueling', '10', 'Q25021', 'A1003002'),
('30189281', 'Jr Supervisor Refueling', '10', 'Q25021', 'A1003002'),
('30189282', 'Jr Supervisor Refueling', '10', 'Q25021', 'A1003002'),
('30189283', 'Jr Supervisor Refueling', '10', 'Q25021', 'A1003002'),
('30189284', 'Jr Supervisor Refueling', '10', 'Q25021', 'A1003002'),
('30189285', 'Jr Supervisor Refueling', '10', 'Q25021', 'A1003002'),
('30189286', 'Jr Supervisor Refueling', '10', 'Q25021', 'A1003002'),
('30189287', 'Sr Supervisor Planning & Maintenance', '14', 'Q25021', 'A1003002'),
('30189288', 'Supervisor Maintenance', '12', 'Q25021', 'A1003002'),
('30189289', 'Jr Supervisor Maintenance', '10', 'Q25021', 'A1003002'),
('30189290', 'Jr Supervisor Planning & Budgeting', '11', 'Q25021', 'A1003002'),
('30189291', 'Supervisor HSSE', '12', 'Q25021', 'A1003002'),
('30189292', 'Jr Supervisor General Affairs', '11', 'Q25021', 'A1003002'),
('30189293', 'Administrator General Affairs', '9', 'Q25021', 'A1003002'),
('30189294', 'Operation Head DPPU Ngurah Rai', '18', 'Q25022', 'A1003003'),
('30189295', 'Superintendent Recei, Storage & Distri.', '16', 'Q25022', 'A1003003'),
('30189296', 'Sr Supervisor Receiving & Storage', '14', 'Q25022', 'A1003003'),
('30189297', 'Sr Supervisor Receiving & Storage', '14', 'Q25022', 'A1003003'),
('30189298', 'Sr Supervisor Receiving & Storage', '14', 'Q25022', 'A1003003'),
('30189299', 'Sr Supervisor Receiving & Storage', '14', 'Q25022', 'A1003003'),
('30189300', 'Supervisor Receiving & Storage', '12', 'Q25022', 'A1003003'),
('30189301', 'Supervisor Receiving & Storage', '12', 'Q25022', 'A1003003'),
('30189302', 'Supervisor Receiving & Storage', '12', 'Q25022', 'A1003003'),
('30189303', 'Supervisor Receiving & Storage', '12', 'Q25022', 'A1003003'),
('30189304', 'Supervisor Receiving & Storage', '12', 'Q25022', 'A1003003'),
('30189305', 'Supervisor Receiving & Storage', '12', 'Q25022', 'A1003003'),
('30189306', 'Supervisor Receiving & Storage', '12', 'Q25022', 'A1003003'),
('30189307', 'Supervisor Receiving & Storage', '12', 'Q25022', 'A1003003'),
('30189308', 'Supervisor Refueling', '13', 'Q25022', 'A1003003'),
('30189309', 'Supervisor Refueling', '13', 'Q25022', 'A1003003'),
('30189310', 'Supervisor Refueling', '13', 'Q25022', 'A1003003'),
('30189311', 'Supervisor Refueling', '13', 'Q25022', 'A1003003'),
('30189312', 'Jr Supervisor Refueling', '11', 'Q25022', 'A1003003'),
('30189313', 'Jr Supervisor Refueling', '11', 'Q25022', 'A1003003'),
('30189314', 'Jr Supervisor Refueling', '11', 'Q25022', 'A1003003'),
('30189315', 'Jr Supervisor Refueling', '11', 'Q25022', 'A1003003'),
('30189316', 'Jr Supervisor Refueling', '11', 'Q25022', 'A1003003'),
('30189317', 'Jr Supervisor Refueling', '11', 'Q25022', 'A1003003'),
('30189318', 'Jr Supervisor Refueling', '11', 'Q25022', 'A1003003'),
('30189319', 'Jr Supervisor Refueling', '11', 'Q25022', 'A1003003'),
('30189320', 'Jr Supervisor Refueling', '11', 'Q25022', 'A1003003'),
('30189321', 'Jr Supervisor Refueling', '11', 'Q25022', 'A1003003'),
('30189322', 'Jr Supervisor Refueling', '11', 'Q25022', 'A1003003'),
('30189323', 'Jr Supervisor Refueling', '11', 'Q25022', 'A1003003'),
('30189324', 'Sr Supervisor Planning & Maintenance', '15', 'Q25022', 'A1003003'),
('30189325', 'Supervisor Maintenance', '13', 'Q25022', 'A1003003'),
('30189326', 'Jr Supervisor Maintenance', '11', 'Q25022', 'A1003003'),
('30189327', 'Supervisor Planning & Budgeting', '12', 'Q25022', 'A1003003'),
('30189328', 'Supervisor HSSE', '13', 'Q25022', 'A1003003'),
('30189329', 'Supervisor General Affairs', '12', 'Q25022', 'A1003003'),
('30189330', 'Administrator General Affairs', '10', 'Q25022', 'A1003003'),
('30189331', 'Operation Head DPPU BIL', '15', 'Q25023', 'A1003006'),
('30189332', 'Supervisor Rec., Sto. & Dist.', '13', 'Q25023', 'A1003006'),
('30189333', 'Jr Supervisor Rec., Sto. & Dist.', '11', 'Q25023', 'A1003006'),
('30189334', 'Jr Supervisor Rec., Sto. & Dist.', '11', 'Q25023', 'A1003006'),
('30189335', 'Jr Supervisor Rec., Sto. & Dist.', '11', 'Q25023', 'A1003006'),
('30189336', 'Supervisor Maintenance', '12', 'Q25023', 'A1003006'),
('30189337', 'Jr Supervisor HSSE & GA', '10', 'Q25023', 'A1003006'),
('30189338', 'Operation Head DPPU Eltari Group', '15', 'Q25024', 'A1003005'),
('30189339', 'Sr Supervisor Rec., Sto. & Dist.', '14', 'Q25024', 'A1003005'),
('30189340', 'Supervisor Rec., Sto. & Dist.', '12', 'Q25024', 'A1003005'),
('30189341', 'Supervisor Rec., Sto. & Dist.', '12', 'Q25024', 'A1003005'),
('30189342', 'Supervisor Rec., Sto. & Dist.', '12', 'Q25024', 'A1003005'),
('30189343', 'Supervisor Maintenance', '13', 'Q25024', 'A1003005'),
('30189344', 'Jr Supervisor Maintenance', '11', 'Q25024', 'A1003005'),
('30189345', 'Jr Supervisor HSSE & GA', '11', 'Q25024', 'A1003005'),
('30189346', 'Operation Head DPPU Iswahyudi', '14', 'Q25025', 'A1003004'),
('30189347', 'Supervisor Rec., Sto. & Dist.', '12', 'Q25025', 'A1003004'),
('30189348', 'Jr Supervisor Maintenance & GA', '11', 'Q25025', 'A1003004'),
('30189349', 'Operation Head Bitumen Plant Gresik', '15', 'Q25026', 'A1301004'),
('30189350', 'Supervisor Operations', '13', 'Q25026', 'A1301004'),
('30189351', 'Jr Supervisor Drum Fabrication', '10', 'Q25026', 'A1301004'),
('30189352', 'Jr Supervisor Drum Fabrication', '10', 'Q25026', 'A1301004'),
('30189353', 'Jr Supervisor Receiving & Storage', '11', 'Q25026', 'A1301004'),
('30189354', 'Jr Supervisor Receiving & Storage', '11', 'Q25026', 'A1301004'),
('30189355', 'Jr Supervisor Receiving & Storage', '11', 'Q25026', 'A1301004'),
('30189356', 'Jr Supervisor Receiving & Storage', '11', 'Q25026', 'A1301004'),
('30189357', 'Jr Supervisor Distribution', '10', 'Q25026', 'A1301004'),
('30189358', 'Jr Supervisor Distribution', '10', 'Q25026', 'A1301004'),
('30189359', 'Jr Supervisor Technical Bitumen Plant', '12', 'Q25026', 'A1301004'),
('30189360', 'Technician Bitumen Plant', '10', 'Q25026', 'A1301004'),
('30189361', 'Jr Supervisor Quality & Quantity', '10', 'Q25026', 'A1301004'),
('30189362', 'Jr Supervisor HSSE', '11', 'Q25026', 'A1301004'),
('30189363', 'Administrator HSSE', '9', 'Q25026', 'A1301004'),
('30189364', 'Jr Spv Sales Adm & General Services', '10', 'Q25026', 'A1301004'),
('30189365', 'Administrator Sales & General Services', '8', 'Q25026', 'A1301004'),
('30189366', 'Region Manager Retail Sales V', '21', 'Q25030', 'A0901036'),
('30189367', 'Ast Manager Dealership & General Adm', '18', 'Q25030', 'A0901036'),
('30189368', 'Officer Fuel Sales Adm', '14', 'Q25030', 'A0901036'),
('30189369', 'Jr Officer Fuel Sales Adm', '12', 'Q25030', 'A0901036'),
('30189370', 'Officer LPG PSO Sales Adm', '14', 'Q25030', 'A1104001'),
('30189371', 'Jr Officer LPG NPSO Sales Adm', '12', 'Q25030', 'A1104001'),
('30189372', 'Officer Fuel Dealership', '15', 'Q25030', 'A0901036'),
('30189373', 'Jr Officer Fuel Dealership', '13', 'Q25030', 'A0901036'),
('30189374', 'Officer LPG PSO Dealership', '15', 'Q25030', 'A1104001'),
('30189375', 'Jr Officer LPG NPSO Dealership', '13', 'Q25030', 'A1104001'),
('30189376', 'Ast Manager Cust. Care & Marketing Supp.', '17', 'Q25030', 'A0901036'),
('30189377', 'Officer Data & Statistic', '15', 'Q25030', 'A0901036'),
('30189378', 'Jr Officer Data & Statistic', '13', 'Q25030', 'A0901036'),
('30189379', 'Officer Marketing Support', '14', 'Q25030', 'A0901036'),
('30189380', 'Jr Assistant Market Survey & Promotion', '11', 'Q25030', 'A0901036'),
('30189381', 'Ast Manager Channel Support', '18', 'Q25030', 'A1104001'),
('30189382', 'Officer Supply Plan & Transportation', '15', 'Q25030', 'A1104001'),
('30189383', 'Jr Assistant Adm & Product Quantity', '11', 'Q25030', 'A1104001'),
('30189384', 'Jr Officer LPG Cylinder Management', '13', 'Q25030', 'A1104001'),
('30189385', 'Jr Officer LPG Cylinder Inspection', '12', 'Q25030', 'A1104001'),
('30189386', 'Jr Assistant LPG Cylinder Certification', '11', 'Q25030', 'A1104001'),
('30189387', 'Supervisor LPG Bottle Distribution', '12', 'Q25030', 'A1104001'),
('30189388', 'Supervisor Material Warehouse', '14', 'Q25030', 'A1104001'),
('30189389', 'Jr Supervisor Receiving & Storage', '11', 'Q25030', 'A1104001'),
('30189390', 'Jr Supervisor Receiving & Storage', '11', 'Q25030', 'A1104001'),
('30189391', 'Jr Supervisor Distribution', '10', 'Q25030', 'A1104001'),
('30189392', 'SAM Retail Surabaya', '19', 'Q25031', 'A0901152'),
('30189393', 'Officer Sales Service & Administration', '15', 'Q25031', 'A0901152'),
('30189394', 'Jr Assistant LPG Sales Service Surabaya', '11', 'Q25031', 'A0901153'),
('30189395', 'Jr Assistant LPG Sales Service Tuban', '11', 'Q25031', 'A0901153'),
('30189396', 'Jr Officer LPG Stock & Cylinder Mngmt', '12', 'Q25031', 'A0901153'),
('30189397', 'SBM Rayon I Surabaya', '15', 'Q25031', 'A0901152'),
('30189398', 'SBM Rayon II Surabaya', '15', 'Q25031', 'A0901152'),
('30189399', 'SBM Rayon III Surabaya', '15', 'Q25031', 'A0901152'),
('30189400', 'SBM Rayon IV Surabaya', '14', 'Q25031', 'A0901152'),
('30189401', 'SBM Rayon V Surabaya', '15', 'Q25031', 'A0901152'),
('30189402', 'SBM Rayon VI Surabaya', '14', 'Q25031', 'A0901152'),
('30189403', 'SBM Rayon VII Surabaya', '13', 'Q25031', 'A0901152'),
('30189404', 'SAM Retail Malang', '17', 'Q25032', 'A0901154'),
('30189405', 'Officer Sales Service & Administration', '14', 'Q25032', 'A0901154'),
('30189406', 'Jr Assistant LPG Sales Service Malang', '11', 'Q25032', 'A0901155'),
('30189407', 'Jr Assistant LPG Sales Serv. Banyuwangi', '11', 'Q25032', 'A0901155'),
('30189408', 'Jr Assistant LPG Sales Service Jember', '11', 'Q25032', 'A0901155'),
('30189409', 'Jr Assistant LPG Stock & Cylinder Mngmt', '11', 'Q25032', 'A0901155'),
('30189410', 'SBM Rayon I Malang', '15', 'Q25032', 'A0901154'),
('30189411', 'SBM Rayon II Malang', '14', 'Q25032', 'A0901154'),
('30189412', 'SBM Rayon III Malang', '13', 'Q25032', 'A0901154'),
('30189413', 'SBM Rayon IV Malang', '15', 'Q25032', 'A0901154'),
('30189414', 'SBM Rayon V Malang', '15', 'Q25032', 'A0901154'),
('30189415', 'SAM Retail Kediri', '17', 'Q25033', 'A0901156'),
('30189416', 'Officer Sales Service & Administration', '14', 'Q25033', 'A0901156'),
('30189417', 'Jr Assistant LPG Sales Service Kediri', '11', 'Q25033', 'A0901157'),
('30189418', 'Jr Assistant LPG Sales Support Madiun', '11', 'Q25033', 'A0901157'),
('30189419', 'Jr Assistant LPG Stock & Cylinder Mngmt', '11', 'Q25033', 'A0901157'),
('30189420', 'SBM Rayon I Kediri', '15', 'Q25033', 'A0901156'),
('30189421', 'SBM Rayon II Kediri', '13', 'Q25033', 'A0901156'),
('30189422', 'SBM Rayon III Kediri', '14', 'Q25033', 'A0901156'),
('30189423', 'SBM Rayon IV Kediri', '12', 'Q25033', 'A0901156'),
('30189424', 'SBM Rayon V Kediri', '13', 'Q25033', 'A0901156'),
('30189425', 'SBM Rayon VI Kediri', '13', 'Q25033', 'A0901156'),
('30189426', 'SAM Retail Bali', '18', 'Q25034', 'A0901091'),
('30189427', 'Sr Spv Sales Area Marketing Support', '15', 'Q25034', 'A0901091'),
('30189428', 'Jr Officer General Services', '12', 'Q25034', 'A0901091'),
('30189429', 'Officer Sales Administration', '14', 'Q25034', 'A0901091'),
('30189430', 'Jr Assistant LPG Sales Support Bali', '11', 'Q25034', 'A0901158'),
('30189431', 'Jr Officer LPG Stock & Cylinder Mngmt', '12', 'Q25034', 'A0901158'),
('30189432', 'SBM Rayon I Bali', '14', 'Q25034', 'A0901091'),
('30189433', 'SBM Rayon II Bali', '13', 'Q25034', 'A0901091'),
('30189434', 'SBM Rayon III Bali', '12', 'Q25034', 'A0901091'),
('30189435', 'SBM Rayon IV Bali', '14', 'Q25034', 'A0901091'),
('30189436', 'SBM Rayon V Bali', '12', 'Q25034', 'A0901091'),
('30189437', 'SAM Retail NTB', '16', 'Q25035', 'A0901160'),
('30189438', 'Jr Officer Sales Administration', '13', 'Q25035', 'A0901160'),
('30189439', 'Jr Assistant LPG Sales Support Mataram', '11', 'Q25035', 'A0901161'),
('30189440', 'Jr Assistant LPG Sales Support Bima', '11', 'Q25035', 'A0901161'),
('30189441', 'Jr Assistant LPG Stock & Cylinder Mngmt', '10', 'Q25035', 'A0901161'),
('30189442', 'SBM Rayon I NTB', '14', 'Q25035', 'A0901160'),
('30189443', 'SBM Rayon II NTB', '13', 'Q25035', 'A0901160'),
('30189444', 'SAM Retail NTT', '16', 'Q25036', 'A0901092'),
('30189445', 'Jr Officer Sales Service & Adminis.', '13', 'Q25036', 'A0901092'),
('30189446', 'Jr Assistant LPG Sales Support NTT', '10', 'Q25036', 'A0901159'),
('30189447', 'Jr Assistant LPG Stock & Cylinder Mngmt', '10', 'Q25036', 'A0901159'),
('30189448', 'SBM Rayon I NTT', '13', 'Q25036', 'A0901092'),
('30189449', 'SBM Rayon II NTT', '12', 'Q25036', 'A0901092'),
('30189450', 'SBM Rayon III NTT', '12', 'Q25036', 'A0901092'),
('30189451', 'SBM Rayon IV NTT', '12', 'Q25036', 'A0901092'),
('30189452', 'Region Manager Supply & Distribution V', '21', 'Q25040', 'A0903144'),
('30189453', 'Ast Manager Fuel Operation', '18', 'Q25040', 'A0903301'),
('30189454', 'Officer Fuel Supply Operation', '15', 'Q25040', 'A0903301'),
('30189455', 'Officer Fuel Distribution Operation', '15', 'Q25040', 'A0903301'),
('30189456', 'Ast Manager LPG Operation', '18', 'Q25040', 'A0903145'),
('30189457', 'Officer LPG Supply Operation', '14', 'Q25040', 'A0903145'),
('30189458', 'Officer LPG Distribution Operation', '15', 'Q25040', 'A0903145'),
('30189459', 'Ast Manager Qual., Quant. & Compl.', '17', 'Q25040', 'A0903144'),
('30189460', 'Officer Quantity Assurance', '15', 'Q25040', 'A0903144'),
('30189461', 'Jr Officer Quality Assurance', '13', 'Q25040', 'A0903144'),
('30189462', 'Jr Officer Customer Support', '12', 'Q25040', 'A0903144'),
('30189463', 'Ast Manager Performance & Evaluation', '17', 'Q25040', 'A0903144'),
('30189464', 'Officer Performance Evaluation', '15', 'Q25040', 'A0903144'),
('30189465', 'Jr Officer Budgeting & Resources Mgt.', '13', 'Q25040', 'A0903144'),
('30189466', 'Ast Manager Terminal Facilities', '17', 'Q25040', 'A0903144'),
('30189467', 'Officer Fuel Infrastructure', '15', 'Q25040', 'A0903144'),
('30189468', 'Officer LPG Infrastructure', '15', 'Q25040', 'A0903144'),
('30189469', 'Integrated Terminal Manager Surabaya', '19', 'Q25041', 'A0903303'),
('30189470', 'Superintendent Fuel RSD Tg.Perak', '16', 'Q25041', 'A0903303'),
('30189471', 'Sr Spv Fuel Receiving & Storage Tg.Perak', '14', 'Q25041', 'A0903303'),
('30189472', 'Sr Spv Fuel Receiving & Storage Tg.Perak', '14', 'Q25041', 'A0903303'),
('30189473', 'Sr Spv Fuel Receiving & Storage Tg.Perak', '14', 'Q25041', 'A0903303'),
('30189474', 'Sr Spv Fuel Receiving & Storage Tg.Perak', '14', 'Q25041', 'A0903303'),
('30189475', 'Supervisor Fuel Distribution Tg.Perak', '13', 'Q25041', 'A0903303'),
('30189476', 'Supervisor Fuel Distribution Tg.Perak', '13', 'Q25041', 'A0903303'),
('30189477', 'Supervisor Fuel Distribution Tg.Perak', '13', 'Q25041', 'A0903303'),
('30189478', 'Supervisor Fuel Distribution Tg.Perak', '13', 'Q25041', 'A0903303'),
('30189479', 'Sr Spv Fuel Receiving & Storage Bandaran', '15', 'Q25041', 'A0903303'),
('30189480', 'Spv Fuel Receiving & Storage Bandaran', '13', 'Q25041', 'A0903303'),
('30189481', 'Spv Fuel Receiving & Storage Bandaran', '13', 'Q25041', 'A0903303'),
('30189482', 'Spv Fuel Receiving & Storage Bandaran', '13', 'Q25041', 'A0903303'),
('30189483', 'Spv Fuel Receiving & Storage Bandaran', '13', 'Q25041', 'A0903303'),
('30189484', 'Supervisor Fuel Distribution Bandaran', '12', 'Q25041', 'A0903303'),
('30189485', 'Supervisor Fuel Distribution Bandaran', '12', 'Q25041', 'A0903303'),
('30189486', 'Supervisor Fuel Distribution Bandaran', '12', 'Q25041', 'A0903303'),
('30189487', 'Sr Spv LPG RSD Tg.Perak', '15', 'Q25041', 'A1104003'),
('30189488', 'Spv LPG Receiving & Storage Tg.Perak', '13', 'Q25041', 'A1104003'),
('30189489', 'Spv LPG Receiving & Storage Tg.Perak', '13', 'Q25041', 'A1104003'),
('30189490', 'Spv LPG Receiving & Storage Tg.Perak', '13', 'Q25041', 'A1104003'),
('30189491', 'Spv LPG Receiving & Storage Tg.Perak', '13', 'Q25041', 'A1104003'),
('30189492', 'Supervisor LPG Distribution Tg.Perak', '12', 'Q25041', 'A1104003'),
('30189493', 'Supervisor LPG Distribution Tg.Perak', '12', 'Q25041', 'A1104003'),
('30189494', 'Sr Supervisor LPG Terminal (S) Gresik', '14', 'Q25041', 'A0903303'),
('30189495', 'Supervisor LPG Terminal (S) Gresik', '12', 'Q25041', 'A0903303'),
('30189496', 'Supervisor LPG Terminal (S) Gresik', '12', 'Q25041', 'A0903303'),
('30189497', 'Supervisor LPG Terminal (S) Gresik', '12', 'Q25041', 'A0903303'),
('30189498', 'Supervisor LPG Terminal (S) Gresik', '12', 'Q25041', 'A0903303'),
('30189499', 'Sr Loading/Discharge Master', '12-16', 'Q25041', 'A0903303'),
('30189500', 'Loading/Discharge Master', '12-16', 'Q25041', 'A0903303'),
('30189501', 'Loading/Discharge Master', '12-16', 'Q25041', 'A0903303'),
('30189502', 'Loading/Discharge Master', '12-16', 'Q25041', 'A0903303'),
('30189503', 'Loading/Discharge Master', '12-16', 'Q25041', 'A0903303'),
('30189504', 'Loading/Discharge Master', '12-16', 'Q25041', 'A0903303'),
('30189505', 'Loading/Discharge Master', '12-16', 'Q25041', 'A0903303'),
('30189506', 'Loading/Discharge Master', '12-16', 'Q25041', 'A0903303'),
('30189507', 'Loading/Discharge Master', '12-16', 'Q25041', 'A0903303'),
('30189508', 'Loading/Discharge Master', '12-16', 'Q25041', 'A0903303'),
('30189509', 'Loading/Discharge Master', '12-16', 'Q25041', 'A0903303'),
('30189510', 'Loading/Discharge Master', '12-16', 'Q25041', 'A0903303'),
('30189511', 'Sr Spv Maintenance Planning & Services', '15', 'Q25041', 'A0903303'),
('30189512', 'Supervisor Maintenance Planning', '13', 'Q25041', 'A0903303'),
('30189513', 'Supervisor Maintenance Planning', '13', 'Q25041', 'A0903303'),
('30189514', 'Supervisor Maintenance Services', '12', 'Q25041', 'A0903303'),
('30189515', 'Jr Supervisor Maintenance Services', '11', 'Q25041', 'A0903303'),
('30189516', 'Jr Supervisor Maintenance Services', '11', 'Q25041', 'A0903303'),
('30189517', 'Sr Supervisor Quality & Quantity', '15', 'Q25041', 'A0903303'),
('30189518', 'Supervisor Quality & Quantity', '13', 'Q25041', 'A0903303'),
('30189519', 'Jr Supervisor Quality & Quantity', '11', 'Q25041', 'A0903303'),
('30189520', 'Jr Supervisor Quality & Quantity', '11', 'Q25041', 'A0903303'),
('30189521', 'Sr Supervisor HSSE', '15', 'Q25041', 'A0903303'),
('30189522', 'Supervisor Fire & Safety', '13', 'Q25041', 'A0903303'),
('30189523', 'Supervisor Fire & Safety', '13', 'Q25041', 'A0903303'),
('30189524', 'Supervisor Fire & Safety', '13', 'Q25041', 'A0903303'),
('30189525', 'Supervisor Environ. & Hygiene Industry', '12', 'Q25041', 'A0903303'),
('30189526', 'Supervisor Security', '12', 'Q25041', 'A0903303'),
('30189527', 'Sr Spv Sales Services & General Affairs', '14', 'Q25041', 'A0903303'),
('30189528', 'Supervisor Formality', '12', 'Q25041', 'A0903303'),
('30189529', 'Jr Supervisor Retail Fuel Sales Services', '11', 'Q25041', 'A0903303'),
('30189530', 'Jr Spv Industrial Fuel Sales Services', '10', 'Q25041', 'A0903303'),
('30189531', 'Jr Spv LPG Sales Services & GA', '11', 'Q25041', 'A0903303'),
('30189532', 'Administrator Distribution Verification', '9', 'Q25041', 'A0903303'),
('30189533', 'Administrator Distribution Verification', '9', 'Q25041', 'A0903303'),
('30189534', 'Jr Supervisor General Affairs', '11', 'Q25041', 'A0903303'),
('30189535', 'Integrated Terminal Manager Manggis', '18', 'Q25042', 'A0903312'),
('30189536', 'Sr Spv Fuel RSD', '15', 'Q25042', 'A0903312'),
('30189537', 'Supervisor Fuel Receiving & Storage', '13', 'Q25042', 'A0903312'),
('30189538', 'Supervisor Fuel Receiving & Storage', '13', 'Q25042', 'A0903312'),
('30189539', 'Supervisor Fuel Receiving & Storage', '13', 'Q25042', 'A0903312'),
('30189540', 'Supervisor Fuel Receiving & Storage', '13', 'Q25042', 'A0903312'),
('30189541', 'Supervisor Fuel Distribution', '12', 'Q25042', 'A0903312'),
('30189542', 'Supervisor Fuel Distribution', '12', 'Q25042', 'A0903312'),
('30189543', 'Spv LPG RSD', '13', 'Q25042', 'A1104005'),
('30189544', 'Jr Supervisor LPG Receiving & Storage', '11', 'Q25042', 'A1104005'),
('30189545', 'Jr Supervisor LPG Receiving & Storage', '11', 'Q25042', 'A1104005'),
('30189546', 'Jr Supervisor LPG Receiving & Storage', '11', 'Q25042', 'A1104005'),
('30189547', 'Jr Supervisor LPG Receiving & Storage', '11', 'Q25042', 'A1104005'),
('30189548', 'Jr Supervisor LPG Distribution', '10', 'Q25042', 'A1104005'),
('30189549', 'Jr Supervisor LPG Distribution', '10', 'Q25042', 'A1104005'),
('30189550', 'Loading/Discharge Master', '12-15', 'Q25042', 'A0903312'),
('30189551', 'Loading/Discharge Master', '12-15', 'Q25042', 'A0903312'),
('30189552', 'Loading/Discharge Master', '12-15', 'Q25042', 'A0903312'),
('30189553', 'Loading/Discharge Master', '12-15', 'Q25042', 'A0903312'),
('30189554', 'Sr Supervisor Quality & Quantity', '14', 'Q25042', 'A0903312'),
('30189555', 'Supervisor Quality & Quantity', '12', 'Q25042', 'A0903312'),
('30189556', 'Sr Spv Maintenance Planning & Services', '14', 'Q25042', 'A0903312'),
('30189557', 'Supervisor Maintenance Planning', '12', 'Q25042', 'A0903312'),
('30189558', 'Supervisor Maintenance Services', '12', 'Q25042', 'A0903312'),
('30189559', 'Jr Supervisor Maintenance Services', '11', 'Q25042', 'A0903312'),
('30189560', 'Sr Supervisor HSSE', '14', 'Q25042', 'A0903312'),
('30189561', 'Supervisor Fire & Safety', '12', 'Q25042', 'A0903312'),
('30189562', 'Jr Supervisor Fire & Safety', '11', 'Q25042', 'A0903312'),
('30189563', 'Jr Supervisor Security', '10', 'Q25042', 'A0903312'),
('30189564', 'Sr Spv Sales Services & General Affairs', '13', 'Q25042', 'A0903312'),
('30189565', 'Jr Supervisor Formality', '11', 'Q25042', 'A0903312'),
('30189566', 'Jr Supervisor Sales Service', '10', 'Q25042', 'A0903312'),
('30189567', 'Administrator Distribution Verification', '10', 'Q25042', 'A0903312'),
('30189568', 'Administrator Distribution Verification', '10', 'Q25042', 'A0903312'),
('30189569', 'Integrated Terminal Manager T. Wangi', '16', 'Q25043', 'A0903305'),
('30189570', 'Sr Spv Fuel RSD', '14', 'Q25043', 'A0903305'),
('30189571', 'Supervisor Fuel Receiving & Storage', '12', 'Q25043', 'A0903305'),
('30189572', 'Supervisor Fuel Receiving & Storage', '12', 'Q25043', 'A0903305'),
('30189573', 'Supervisor Fuel Receiving & Storage', '12', 'Q25043', 'A0903305'),
('30189574', 'Supervisor Fuel Receiving & Storage', '12', 'Q25043', 'A0903305'),
('30189575', 'Jr Supervisor Fuel Distribution', '11', 'Q25043', 'A0903305'),
('30189576', 'Jr Supervisor Fuel Distribution', '11', 'Q25043', 'A0903305'),
('30189577', 'Jr Supervisor Fuel Bunker', '10', 'Q25043', 'A0903305'),
('30189578', 'Jr Supervisor Fuel Bunker', '10', 'Q25043', 'A0903305'),
('30189579', 'Jr Supervisor Fuel Bunker', '10', 'Q25043', 'A0903305'),
('30189580', 'Jr Supervisor Fuel Bunker', '10', 'Q25043', 'A0903305'),
('30189581', 'Sr Spv LPG Terminal T. Wangi', '13', 'Q25043', 'A1102010'),
('30189582', 'Jr Supervisor LPG Terminal T. Wangi', '11', 'Q25043', 'A1102010'),
('30189583', 'Jr Supervisor LPG Terminal T. Wangi', '11', 'Q25043', 'A1102010'),
('30189584', 'Jr Supervisor LPG Terminal T. Wangi', '11', 'Q25043', 'A1102010'),
('30189585', 'Jr Supervisor LPG Terminal T. Wangi', '11', 'Q25043', 'A1102010'),
('30189586', 'Loading/Discharge Master', '12-14', 'Q25043', 'A0903305'),
('30189587', 'Loading/Discharge Master', '12-14', 'Q25043', 'A0903305'),
('30189588', 'Loading/Discharge Master', '12-14', 'Q25043', 'A0903305'),
('30189589', 'Loading/Discharge Master', '12-14', 'Q25043', 'A0903305'),
('30189590', 'Loading/Discharge Master', '12-14', 'Q25043', 'A0903305'),
('30189591', 'Loading/Discharge Master', '12-14', 'Q25043', 'A0903305'),
('30189592', 'Loading/Discharge Master', '12-14', 'Q25043', 'A0903305'),
('30189593', 'Loading/Discharge Master', '12-14', 'Q25043', 'A0903305'),
('30189594', 'Supervisor Quality & Quantity', '13', 'Q25043', 'A0903305'),
('30189595', 'Jr Supervisor Quality & Quantity', '11', 'Q25043', 'A0903305'),
('30189596', 'Spv Maintenance Planning & Services', '13', 'Q25043', 'A0903305'),
('30189597', 'Jr Supervisor Maintenance Planning', '11', 'Q25043', 'A0903305'),
('30189598', 'Jr Supervisor Maintenance Services', '10', 'Q25043', 'A0903305'),
('30189599', 'Supervisor HSSE', '13', 'Q25043', 'A0903305'),
('30189600', 'Jr Supervisor HSSE', '11', 'Q25043', 'A0903305'),
('30189601', 'Jr Supervisor HSSE', '11', 'Q25043', 'A0903305'),
('30189602', 'Spv Sales Services & General Affairs', '13', 'Q25043', 'A0903305'),
('30189603', 'Jr Supervisor Fuel Retail Sales Services', '10', 'Q25043', 'A0903305'),
('30189604', 'Jr Spv Fuel Industry Sales Services', '10', 'Q25043', 'A0903305'),
('30189605', 'Integrated Terminal Manager Ampenan', '16', 'Q25044', 'A0903317'),
('30189606', 'Sr Spv Fuel RSD', '14', 'Q25044', 'A0903317'),
('30189607', 'Supervisor Receiving & Storage', '12', 'Q25044', 'A0903317'),
('30189608', 'Supervisor Receiving & Storage', '12', 'Q25044', 'A0903317'),
('30189609', 'Supervisor Receiving & Storage', '12', 'Q25044', 'A0903317'),
('30189610', 'Supervisor Receiving & Storage', '12', 'Q25044', 'A0903317'),
('30189611', 'Jr Supervisor Distribution', '10', 'Q25044', 'A0903317'),
('30189612', 'Jr Supervisor Distribution', '10', 'Q25044', 'A0903317'),
('30189613', 'Supervisor LPG Terminal (S) Lombok', '13', 'Q25044', 'A0903317'),
('30189614', 'Jr Supervisor LPG Terminal (S) Lombok', '11', 'Q25044', 'A0903317'),
('30189615', 'Jr Supervisor LPG Terminal (S) Lombok', '11', 'Q25044', 'A0903317'),
('30189616', 'Supervisor Quality & Quantity', '13', 'Q25044', 'A0903317'),
('30189617', 'Loading/Discharge Master', '12-14', 'Q25044', 'A0903317'),
('30189618', 'Loading/Discharge Master', '12-14', 'Q25044', 'A0903317'),
('30189619', 'Spv Maintenance Planning & Services', '13', 'Q25044', 'A0903317'),
('30189620', 'Jr Supervisor Maintenance Services', '11', 'Q25044', 'A0903317'),
('30189621', 'Supervisor HSSE', '12', 'Q25044', 'A0903317'),
('30189622', 'Supervisor Sales Services & GA', '13', 'Q25044', 'A0903317'),
('30189623', 'Fuel Terminal Manager Tuban', '18', 'Q25045', 'A0903310'),
('30189624', 'Superintendent RSD', '16', 'Q25045', 'A0903310'),
('30189625', 'Supervisor Fuel Receiving & Storage', '13', 'Q25045', 'A0903310'),
('30189626', 'Supervisor Fuel Receiving & Storage', '13', 'Q25045', 'A0903310'),
('30189627', 'Supervisor Fuel Receiving & Storage', '13', 'Q25045', 'A0903310'),
('30189628', 'Supervisor Fuel Receiving & Storage', '13', 'Q25045', 'A0903310'),
('30189629', 'Supervisor Fuel Distribution', '13', 'Q25045', 'A0903310'),
('30189630', 'Supervisor Fuel Distribution', '13', 'Q25045', 'A0903310'),
('30189631', 'Loading/Discharge Master', '12-15', 'Q25045', 'A0903310'),
('30189632', 'Loading/Discharge Master', '12-15', 'Q25045', 'A0903310'),
('30189633', 'Loading/Discharge Master', '12-15', 'Q25045', 'A0903310'),
('30189634', 'Loading/Discharge Master', '12-15', 'Q25045', 'A0903310'),
('30189635', 'Loading/Discharge Master', '12-15', 'Q25045', 'A0903310'),
('30189636', 'Sr Spv Maintenance Planning & Services', '14', 'Q25045', 'A0903310'),
('30189637', 'Supervisor Maintenance Planning', '12', 'Q25045', 'A0903310'),
('30189638', 'Jr Supervisor Maintenance Sevices', '11', 'Q25045', 'A0903310'),
('30189639', 'Jr Supervisor Maintenance Sevices', '11', 'Q25045', 'A0903310'),
('30189640', 'Sr Supervisor Quantity & Quality', '14', 'Q25045', 'A0903310'),
('30189641', 'Supervisor Quantity & Quality', '12', 'Q25045', 'A0903310'),
('30189642', 'Supervisor Quantity & Quality', '12', 'Q25045', 'A0903310'),
('30189643', 'Sr Spv Sales Services & General Affairs', '14', 'Q25045', 'A0903310'),
('30189644', 'Supervisor Formality', '12', 'Q25045', 'A0903310'),
('30189645', 'Jr Supervisor Sales Services', '10', 'Q25045', 'A0903310'),
('30189646', 'Jr Supervisor General Affairs', '11', 'Q25045', 'A0903310'),
('30189647', 'Supervisor HSSE', '14', 'Q25045', 'A0903310'),
('30189648', 'Supervisor Fire & Safety', '12', 'Q25045', 'A0903310'),
('30189649', 'Jr Spv Environment & Hygiene Industry', '11', 'Q25045', 'A0903310'),
('30189650', 'Jr Supervisor Security', '11', 'Q25045', 'A0903310'),
('30189651', 'Fuel Terminal Manager Tenau', '16', 'Q25046', 'A0903313'),
('30189652', 'Superintendent RSD', '14', 'Q25046', 'A0903313'),
('30189653', 'Jr Supervisor Receiving & Storage', '12', 'Q25046', 'A0903313'),
('30189654', 'Jr Supervisor Receiving & Storage', '12', 'Q25046', 'A0903313'),
('30189655', 'Jr Supervisor Receiving & Storage', '12', 'Q25046', 'A0903313'),
('30189656', 'Jr Supervisor Receiving & Storage', '12', 'Q25046', 'A0903313'),
('30189657', 'Jr Supervisor Distribution Bunker', '11', 'Q25046', 'A0903313'),
('30189658', 'Jr Supervisor Distribution Bunker', '11', 'Q25046', 'A0903313'),
('30189659', 'Jr Supervisor Distribution Bunker', '11', 'Q25046', 'A0903313'),
('30189660', 'Loading/Discharge Master', '12-14', 'Q25046', 'A0903313'),
('30189661', 'Loading/Discharge Master', '12-14', 'Q25046', 'A0903313'),
('30189662', 'Loading/Discharge Master', '12-14', 'Q25046', 'A0903313'),
('30189663', 'Loading/Discharge Master', '12-14', 'Q25046', 'A0903313'),
('30189664', 'Spv Maintenance Planning & Services', '13', 'Q25046', 'A0903313'),
('30189665', 'Jr Supervisor Maintenance Planning', '11', 'Q25046', 'A0903313'),
('30189666', 'Jr Supervisor Maintenance Sevices', '10', 'Q25046', 'A0903313'),
('30189667', 'Supervisor Quantity & Quality', '13', 'Q25046', 'A0903313'),
('30189668', 'Jr Supervisor Quantity & Quality', '11', 'Q25046', 'A0903313'),
('30189669', 'Spv Sales Services & General Affairs', '13', 'Q25046', 'A0903313'),
('30189670', 'Jr Supervisor Sales Services', '10', 'Q25046', 'A0903313'),
('30189671', 'Supervisor HSSE', '12', 'Q25046', 'A0903313'),
('30189672', 'Jr Supervisor HSSE', '10', 'Q25046', 'A0903313'),
('30189673', 'Fuel Terminal Manager Malang', '15', 'Q25047', 'A0903306'),
('30189674', 'Spv Receiving, Storage & Distribution', '13', 'Q25047', 'A0903306'),
('30189675', 'Jr Supervisor Receiving & Storage', '11', 'Q25047', 'A0903306'),
('30189676', 'Jr Supervisor Receiving & Storage', '11', 'Q25047', 'A0903306'),
('30189677', 'Jr Supervisor Distribution', '9', 'Q25047', 'A0903306'),
('30189678', 'Spv Maintenance Planning & Services', '12', 'Q25047', 'A0903306'),
('30189679', 'Jr Supervisor Maintenance Services', '10', 'Q25047', 'A0903306'),
('30189680', 'Supervisor Quantity & Quality', '12', 'Q25047', 'A0903306'),
('30189681', 'Spv Sales Services & General Affairs', '12', 'Q25047', 'A0903306'),
('30189682', 'Jr Supervisor HSSE', '11', 'Q25047', 'A0903306'),
('30189683', 'Fuel Terminal Manager Maumere', '15', 'Q25048', 'A0903322'),
('30189684', 'Spv Receiving, Storage & Distribution', '13', 'Q25048', 'A0903322'),
('30189685', 'Jr Supervisor Receiving & Storage', '11', 'Q25048', 'A0903322'),
('30189686', 'Jr Supervisor Receiving & Storage', '11', 'Q25048', 'A0903322'),
('30189687', 'Jr Supervisor Receiving & Storage', '11', 'Q25048', 'A0903322'),
('30189688', 'Jr Supervisor Receiving & Storage', '11', 'Q25048', 'A0903322'),
('30189689', 'Jr Supervisor Distribution', '9', 'Q25048', 'A0903322'),
('30189690', 'Loading/Discharge Master', '12-13', 'Q25048', 'A0903322'),
('30189691', 'Loading/Discharge Master', '12-13', 'Q25048', 'A0903322'),
('30189692', 'Spv Maintenance Planning & Services', '12', 'Q25048', 'A0903322'),
('30189693', 'Jr Supervisor Maintenance Services', '10', 'Q25048', 'A0903322'),
('30189694', 'Supervisor Quantity & Quality', '12', 'Q25048', 'A0903322'),
('30189695', 'Supersivor Fuel Terminal (S) Larankuta', '13', 'Q25048', 'A0903322'),
('30189696', 'Jr Spv Fuel Terminal (S) Larankuta', '11', 'Q25048', 'A0903321'),
('30189697', 'Spv Sales Services & General Affairs', '12', 'Q25048', 'A0903322'),
('30189698', 'Jr Supervisor HSSE', '11', 'Q25048', 'A0903322'),
('30189699', 'Fuel Terminal Manager Kalabahi', '14', 'Q25049', 'A0903318'),
('30189700', 'Spv Receiving, Storage & Distribution', '12', 'Q25049', 'A0903318'),
('30189701', 'Jr Supervisor Receiving & Storage', '10', 'Q25049', 'A0903318'),
('30189702', 'Jr Supervisor Distribution', '8', 'Q25049', 'A0903318'),
('30189703', 'Jr Spv Maintenan. Plan., Services & HSSE', '11', 'Q25049', 'A0903318'),
('30189704', 'Jr Spv Sales Services & General Affairs', '10', 'Q25049', 'A0903318'),
('30189705', 'Fuel Terminal Manager Camplong', '14', 'Q2504A', 'A0903309'),
('30189706', 'Spv Receiving, Storage & Distribution', '12', 'Q2504A', 'A0903309'),
('30189707', 'Jr Supervisor Receiving & Storage', '10', 'Q2504A', 'A0903309'),
('30189708', 'Jr Supervisor Receiving & Storage', '10', 'Q2504A', 'A0903309'),
('30189709', 'Jr Supervisor Distribution', '8', 'Q2504A', 'A0903309'),
('30189710', 'Jr Spv Maintenan. Plan., Services & HSSE', '11', 'Q2504A', 'A0903309'),
('30189711', 'Jr Spv Sales Services & General Affairs', '10', 'Q2504A', 'A0903309'),
('30189712', 'Fuel Terminal Manager Madiun', '15', 'Q2504B', 'A0903307'),
('30189713', 'Spv Receiving, Storage & Distribution', '13', 'Q2504B', 'A0903307'),
('30189714', 'Jr Supervisor Receiving & Storage', '11', 'Q2504B', 'A0903307'),
('30189715', 'Jr Supervisor Receiving & Storage', '11', 'Q2504B', 'A0903307'),
('30189716', 'Jr Supervisor Distribution', '9', 'Q2504B', 'A0903307'),
('30189717', 'Spv Maintenance Planning & Services', '12', 'Q2504B', 'A0903307'),
('30189718', 'Jr Supervisor Maintenance Services', '10', 'Q2504B', 'A0903307'),
('30189719', 'Supervisor Quantity & Quality', '12', 'Q2504B', 'A0903307'),
('30189720', 'Spv Sales Services & General Affairs', '12', 'Q2504B', 'A0903307'),
('30189721', 'Jr Supervisor HSSE', '11', 'Q2504B', 'A0903307'),
('30189722', 'Fuel Terminal Manager Sanggaran', '15', 'Q2504C', 'A0903316'),
('30189723', 'Spv Receiving, Storage & Distribution', '13', 'Q2504C', 'A0903316'),
('30189724', 'Jr Supervisor Receiving & Storage', '11', 'Q2504C', 'A0903316'),
('30189725', 'Jr Supervisor Receiving & Storage', '11', 'Q2504C', 'A0903316'),
('30189726', 'Jr Supervisor Distribution', '9', 'Q2504C', 'A0903316'),
('30189727', 'Spv Maintenance Planning & Services', '12', 'Q2504C', 'A0903316'),
('30189728', 'Jr Supervisor Maintenance Services', '10', 'Q2504C', 'A0903316'),
('30189729', 'Supervisor Quantity & Quality', '12', 'Q2504C', 'A0903316'),
('30189730', 'Spv Sales Services & General Affairs', '12', 'Q2504C', 'A0903316'),
('30189731', 'Jr Supervisor HSSE', '11', 'Q2504C', 'A0903316'),
('30189732', 'Fuel Terminal Manager Badas', '14', 'Q2504D', 'A0903314'),
('30189733', 'Spv Receiving, Storage & Distribution', '12', 'Q2504D', 'A0903314'),
('30189734', 'Jr Supervisor Receiving & Storage', '10', 'Q2504D', 'A0903314'),
('30189735', 'Jr Supervisor Distribution', '8', 'Q2504D', 'A0903314'),
('30189736', 'Jr Spv Maintenan. Plan., Services & HSSE', '11', 'Q2504D', 'A0903314'),
('30189737', 'Jr Spv Sales Services & General Affairs', '10', 'Q2504D', 'A0903314'),
('30189738', 'Fuel Terminal Manager Bima', '14', 'Q2504E', 'A0903315'),
('30189739', 'Spv Receiving, Storage & Distribution', '12', 'Q2504E', 'A0903315'),
('30189740', 'Jr Supervisor Receiving & Storage', '10', 'Q2504E', 'A0903315'),
('30189741', 'Jr Supervisor Distribution', '8', 'Q2504E', 'A0903315'),
('30189742', 'Jr Spv Maintenan. Plan., Services & HSSE', '11', 'Q2504E', 'A0903315'),
('30189743', 'Jr Spv Sales Services & General Affairs', '10', 'Q2504E', 'A0903315'),
('30189744', 'Fuel Terminal Manager Reo', '14', 'Q2504F', 'A0903319'),
('30189745', 'Spv Receiving, Storage & Distribution', '12', 'Q2504F', 'A0903319'),
('30189746', 'Jr Supervisor Receiving & Storage', '10', 'Q2504F', 'A0903319'),
('30189747', 'Jr Supervisor Distribution', '8', 'Q2504F', 'A0903319'),
('30189748', 'Jr Spv Maintenan. Plan., Services & HSSE', '11', 'Q2504F', 'A0903319'),
('30189749', 'Jr Spv Sales Services & General Affairs', '10', 'Q2504F', 'A0903319'),
('30189750', 'Fuel Terminal Manager Ende', '14', 'Q2504G', 'A0903320'),
('30189751', 'Spv Receiving, Storage & Distribution', '12', 'Q2504G', 'A0903320'),
('30189752', 'Jr Supervisor Receiving & Storage', '10', 'Q2504G', 'A0903320'),
('30189753', 'Jr Supervisor Distribution', '8', 'Q2504G', 'A0903320'),
('30189754', 'Jr Spv Maintenan. Plan., Services & HSSE', '11', 'Q2504G', 'A0903320'),
('30189755', 'Jr Spv Sales Services & General Affairs', '10', 'Q2504G', 'A0903320'),
('30189756', 'Fuel Terminal Manager Waingapu', '14', 'Q2504H', 'A0903323'),
('30189757', 'Spv Receiving, Storage & Distribution', '12', 'Q2504H', 'A0903323'),
('30189758', 'Jr Supervisor Receiving & Storage', '10', 'Q2504H', 'A0903323'),
('30189759', 'Jr Supervisor Distribution', '8', 'Q2504H', 'A0903323'),
('30189760', 'Jr Spv Maintenan. Plan., Services & HSSE', '11', 'Q2504H', 'A0903323'),
('30189761', 'Jr Spv Sales Services & General Affairs', '10', 'Q2504H', 'A0903323'),
('30189762', 'Fuel Terminal Manager Atapupu', '14', 'Q2504I', 'A0903324'),
('30189763', 'Spv Receiving, Storage & Distribution', '12', 'Q2504I', 'A0903324'),
('30189764', 'Jr Supervisor Receiving & Storage', '10', 'Q2504I', 'A0903324'),
('30189765', 'Jr Supervisor Distribution', '8', 'Q2504I', 'A0903324'),
('30189766', 'Jr Spv Maintenan. Plan., Services & HSSE', '11', 'Q2504I', 'A0903324'),
('30189767', 'Jr Spv Sales Services & General Affairs', '10', 'Q2504I', 'A0903324'),
('30189768', 'Region Manager Rel. & Project Dev. V', '20', 'Q25050', 'A0804156'),
('30189769', 'Ast Manager Engineering', '18', 'Q25050', 'A0804156'),
('30189770', 'Engineer I Facilities', '12-15', 'Q25050', 'A0804156'),
('30189771', 'Engineer I Facilities', '12-15', 'Q25050', 'A0804156'),
('30189772', 'Jr Engineer II Facilities', '12-15', 'Q25050', 'A0804156'),
('30189773', 'Jr Engineer II Facilities', '12-15', 'Q25050', 'A0804156'),
('30189774', 'Jr Engineer I Facilities', '12-15', 'Q25050', 'A0804156'),
('30189775', 'Jr Engineer I Facilities', '12-15', 'Q25050', 'A0804156'),
('30189776', 'Engineer Cost Analysis', '14', 'Q25050', 'A0804156'),
('30189777', 'Jr Engineer Cost Analysis', '12', 'Q25050', 'A0804156'),
('30189778', 'Ast Manager Reliability', '17', 'Q25050', 'A0804156'),
('30189779', 'Inspector I Reliability', '12-15', 'Q25050', 'A0804156'),
('30189780', 'Inspector I Reliability', '12-15', 'Q25050', 'A0804156'),
('30189781', 'Jr Inspector I Reliability', '12-15', 'Q25050', 'A0804156'),
('30189782', 'Engineer Maintenance', '12-15', 'Q25050', 'A0804156'),
('30189783', 'Jr Engineer I Maintenance', '12-15', 'Q25050', 'A0804156'),
('30189784', 'Ast Manager Construction', '16', 'Q25050', 'A0804156'),
('30189785', 'Engineer Construction', '14', 'Q25050', 'A0804156'),
('30189786', 'Jr Engineer II Construction', '13', 'Q25050', 'A0804156'),
('30189787', 'Engineer Construction II', '13', 'Q25050', 'A0804156'),
('30189788', 'Jr Engineer I Construction', '12', 'Q25050', 'A0804156'),
('30189789', 'Ast Manager Budg., Contr. Mntr. & Eval.', '16', 'Q25050', 'A0804156'),
('30189790', 'Officer Bugdeting & Contract', '14', 'Q25050', 'A0804156'),
('30189791', 'Region Manager HSSE V', '19', 'Q25060', 'A0801054'),
('30189792', 'Ast Manager HSE Operation', '16', 'Q25060', 'A0801054'),
('30189793', 'Analyst Terminal Health & Safety', '14', 'Q25060', 'A0801054'),
('30189794', 'Jr Analyst Fire & Emergency Response', '13', 'Q25060', 'A0801054'),
('30189795', 'Analyst Environment', '14', 'Q25060', 'A0801054'),
('30189796', 'Head of Geosecurity', '16', 'Q25060', 'A0801054'),
('30189797', 'Officer Physical Geosecurity', '13', 'Q25060', 'A0801054'),
('30189798', 'Jr Officer Geosecurity Intelligence', '12', 'Q25060', 'A0801054'),
('30189799', 'Sr Supervisor Mktg. Channel & HSE Proj.', '15', 'Q25060', 'A0801054'),
('30189800', 'Jr Analyst Mktg. Channel & HSE Project', '12', 'Q25060', 'A0801054'),
('30189801', 'Analyst Planning & Evaluation', '15', 'Q25060', 'A0801054'),
('30189802', 'Region Manager Marine V', '19', 'Q25070', 'A1406007'),
('30189803', 'Ast Manager Operation & Compliance', '16', 'Q25070', 'A1406007'),
('30189804', 'Jr Officer Marine Opearation', '13', 'Q25070', 'A1406007'),
('30189805', 'Jr Officer Marine Compliance', '13', 'Q25070', 'A1406007'),
('30189806', 'Ast Manager Engineer & Realibility', '17', 'Q25070', 'A1406007'),
('30189807', 'Officer Engineering', '14', 'Q25070', 'A1406007'),
('30189808', 'Officer Reliability', '14', 'Q25070', 'A1406007'),
('30189809', 'Jr Officer Reliability', '12', 'Q25070', 'A1406007'),
('30189810', 'Sr Supervisor Budget & Administration', '15', 'Q25070', 'A1406007'),
('30189811', 'Jr Officer Budget & Administration', '12', 'Q25070', 'A1406007'),
('30189812', 'Jr Inspector Port Facilities', '12-16', 'Q25070', 'A1406007'),
('30189813', 'Head of Marine Manggis', '16', 'Q25071', 'A1406007'),
('30189814', 'Inspector Marine Terminal Safety', '14', 'Q25071', 'A1406007'),
('30189815', 'Inspector Marine Terminal Safety', '14', 'Q25071', 'A1406007'),
('30189816', 'Jr Officer Port Operation & Ship Agency', '13', 'Q25071', 'A1406007'),
('30189817', 'Jr Officer Port Operation & Ship Agency', '13', 'Q25071', 'A1406007'),
('30189818', 'Jr Officer Bunker Control & Claim', '13', 'Q25071', 'A1406007'),
('30189819', 'Jr Officer Bunker Control & Claim', '13', 'Q25071', 'A1406007'),
('30189820', 'Officer Maintenance', '14', 'Q25071', 'A1406007'),
('30189821', 'Head of Marine Surabaya', '15', 'Q25072', 'A1406007'),
('30189822', 'Jr Inspector Marine Terminal Safety', '13', 'Q25072', 'A1406007'),
('30189823', 'Jr Officer Port Operation & Ship Agency', '12', 'Q25072', 'A1406007'),
('30189824', 'Jr Officer Bunker Control & Claim', '12', 'Q25072', 'A1406007'),
('30189825', 'Jr Supervisor Maintenance', '10', 'Q25072', 'A1406007'),
('30189826', 'Head of Marine Tuban', '15', 'Q25073', 'A1406007'),
('30189827', 'Jr Inspector Marine Terminal Safety', '13', 'Q25073', 'A1406007'),
('30189828', 'Jr Officer Port Operation & Ship Agency', '12', 'Q25073', 'A1406007');
INSERT INTO `posisi` (`id_position`, `position`, `prl`, `kbo`, `kode_cc`) VALUES
('30189829', 'Jr Officer Bunker Control & Claim', '12', 'Q25073', 'A1406007'),
('30189830', 'Jr Supervisor Maintenance', '10', 'Q25073', 'A1406007'),
('30189831', 'Head of Marine Kalbut', '14', 'Q25074', 'A1406007'),
('30189832', 'Jr Inspector Marine Terminal Safety', '12', 'Q25074', 'A1406007'),
('30189833', 'Jr Officer Port Operation & Ship Agency', '12', 'Q25074', 'A1406007'),
('30189834', 'Jr Supervisor Maintenance', '10', 'Q25074', 'A1406007'),
('30189835', 'Head of Marine Benoa Sanggaran', '14', 'Q25075', 'A1406007'),
('30189836', 'Jr Inspector Marine Terminal Safety', '12', 'Q25075', 'A1406007'),
('30189837', 'Jr Officer Port Operation & Ship Agency', '12', 'Q25075', 'A1406007'),
('30189838', 'Jr Supervisor Maintenance', '10', 'Q25075', 'A1406007'),
('30189839', 'Head of Marine Tanjung Wangi', '14', 'Q25076', 'A1406007'),
('30189840', 'Jr Inspector Marine Terminal Safety', '12', 'Q25076', 'A1406007'),
('30189841', 'Jr Officer Port Operation & Ship Agency', '12', 'Q25076', 'A1406007'),
('30189842', 'Jr Supervisor Maintenance', '10', 'Q25076', 'A1406007'),
('30189843', 'Supervisor Marine Operation Tenau', '13', 'Q25077', 'A1406007'),
('30189844', 'Jr Supervisor Marine Operation', '11', 'Q25077', 'A1406007'),
('30189845', 'Supervisor Marine Operation Maumere', '13', 'Q25078', 'A1406007'),
('30189846', 'Jr Supervisor Marine Operation', '11', 'Q25078', 'A1406007'),
('30189847', 'Supervisor Marine Operation Ampenan', '13', 'Q25079', 'A1406007'),
('30189848', 'Jr Supervisor Marine Operation', '11', 'Q25079', 'A1406007'),
('30189849', 'Supervisor Marine Operation Bima', '12', 'Q2507A', 'A1406007'),
('30189850', 'Supervisor Marine Operation Atapupu', '12', 'Q2507B', 'A1406007'),
('30189851', 'Supervisor Marine Operation Badas', '12', 'Q2507C', 'A1406007'),
('30189852', 'Supervisor Marine Operation Reo', '12', 'Q2507D', 'A1406007'),
('30189853', 'Supervisor Marine Operation Waingapu', '12', 'Q2507E', 'A1406007'),
('30189854', 'Supervisor Marine Operation Camplong', '12', 'Q2507F', 'A1406007'),
('30189855', 'Supervisor Marine Operation Ende', '12', 'Q2507G', 'A1406007');

--
-- Indexes for dumped tables
--

--
-- Indexes for table `cost_center`
--
ALTER TABLE `cost_center`
  ADD PRIMARY KEY (`kode_cc`);

--
-- Indexes for table `data_karyawan`
--
ALTER TABLE `data_karyawan`
  ADD PRIMARY KEY (`nopeg`),
  ADD KEY `data_karyawan_ibfk_1` (`id_position`);

--
-- Indexes for table `fungsi`
--
ALTER TABLE `fungsi`
  ADD PRIMARY KEY (`kbo`);

--
-- Indexes for table `master_pelatihan_sertifikasi`
--
ALTER TABLE `master_pelatihan_sertifikasi`
  ADD PRIMARY KEY (`kode`);

--
-- Indexes for table `pelatihan_sertifikasi`
--
ALTER TABLE `pelatihan_sertifikasi`
  ADD PRIMARY KEY (`no_sertifikat`),
  ADD KEY `kode` (`kode`),
  ADD KEY `nopeg` (`nopeg`);

--
-- Indexes for table `posisi`
--
ALTER TABLE `posisi`
  ADD PRIMARY KEY (`id_position`),
  ADD KEY `kbo` (`kbo`),
  ADD KEY `posisi_ibfk_2` (`kode_cc`);

--
-- Constraints for dumped tables
--

--
-- Constraints for table `data_karyawan`
--
ALTER TABLE `data_karyawan`
  ADD CONSTRAINT `data_karyawan_ibfk_1` FOREIGN KEY (`id_position`) REFERENCES `posisi` (`id_position`) ON DELETE CASCADE ON UPDATE CASCADE;

--
-- Constraints for table `pelatihan_sertifikasi`
--
ALTER TABLE `pelatihan_sertifikasi`
  ADD CONSTRAINT `pelatihan_sertifikasi_ibfk_1` FOREIGN KEY (`kode`) REFERENCES `master_pelatihan_sertifikasi` (`kode`) ON DELETE CASCADE ON UPDATE CASCADE,
  ADD CONSTRAINT `pelatihan_sertifikasi_ibfk_2` FOREIGN KEY (`nopeg`) REFERENCES `data_karyawan` (`nopeg`) ON DELETE CASCADE ON UPDATE CASCADE;

--
-- Constraints for table `posisi`
--
ALTER TABLE `posisi`
  ADD CONSTRAINT `posisi_ibfk_1` FOREIGN KEY (`kbo`) REFERENCES `fungsi` (`kbo`) ON DELETE CASCADE ON UPDATE CASCADE,
  ADD CONSTRAINT `posisi_ibfk_2` FOREIGN KEY (`kode_cc`) REFERENCES `cost_center` (`kode_cc`) ON DELETE CASCADE ON UPDATE CASCADE;
COMMIT;

/*!40101 SET CHARACTER_SET_CLIENT=@OLD_CHARACTER_SET_CLIENT */;
/*!40101 SET CHARACTER_SET_RESULTS=@OLD_CHARACTER_SET_RESULTS */;
/*!40101 SET COLLATION_CONNECTION=@OLD_COLLATION_CONNECTION */;
